time_utc,api,site,url,attempt,setting,api_status,site_status,delivered,seconds,credits,cost_usd,note
2026-09-29T06:32:18Z,Crawio,Wikipedia,https://en.wikipedia.org/wiki/Volcano,first try,default,200,200,yes,3.25,1,0.0000967,
2026-09-29T06:32:18Z,Crawio,Wikipedia,https://en.wikipedia.org/wiki/Photosynthesis,first try,default,200,200,yes,3.37,1,0.0000967,
2026-09-29T06:32:18Z,Crawio,Wikipedia,https://en.wikipedia.org/wiki/Jazz,first try,default,200,200,yes,3.39,1,0.0000967,
2026-09-29T06:32:18Z,Zyte API,Wikipedia,https://en.wikipedia.org/wiki/Tokyo,setting search,default,200,200,yes,3.52,,0.0001300,
2026-09-29T06:32:19Z,ScraperAPI,Wikipedia,https://en.wikipedia.org/wiki/Tokyo,setting search,default,200,200,yes,3.78,1,0.0004900,
2026-09-29T06:32:18Z,Crawio,Wikipedia,https://en.wikipedia.org/wiki/Tokyo,first try,default,200,200,yes,5.75,1,0.0000967,
2026-09-29T06:32:18Z,Crawio,Wikipedia,https://en.wikipedia.org/wiki/Chess,first try,default,200,200,yes,5.79,1,0.0000967,
2026-09-29T06:32:21Z,ScrapingBee,Wikipedia,https://en.wikipedia.org/wiki/Tokyo,setting search,"{""render_js"": ""false""}",200,200,yes,3.18,1,0.0001960,
2026-09-29T06:32:21Z,Crawio,Wikipedia,https://en.wikipedia.org/wiki/Honey,first try,default,200,200,yes,3.65,1,0.0000967,
2026-09-29T06:32:21Z,Crawio,Wikipedia,https://en.wikipedia.org/wiki/Marathon,first try,default,200,200,yes,3.55,1,0.0000967,
2026-09-29T06:32:21Z,Crawio,Wikipedia,https://en.wikipedia.org/wiki/Bitcoin,first try,default,200,200,yes,3.59,1,0.0000967,
2026-09-29T06:32:22Z,Zyte API,Wikipedia,https://en.wikipedia.org/wiki/Honey,first try,default,200,200,yes,3.49,,0.0001300,
2026-09-29T06:32:22Z,Zyte API,Wikipedia,https://en.wikipedia.org/wiki/Jazz,first try,default,200,200,yes,3.56,,0.0001300,
2026-09-29T06:32:21Z,Scrape.do,Wikipedia,https://en.wikipedia.org/wiki/Tokyo,setting search,default,200,200,yes,3.98,1,0.0001160,
2026-09-29T06:32:22Z,Zyte API,Wikipedia,https://en.wikipedia.org/wiki/Volcano,first try,default,200,200,yes,3.62,,0.0001300,
2026-09-29T06:32:22Z,Zyte API,Wikipedia,https://en.wikipedia.org/wiki/Chess,first try,default,200,200,yes,3.76,,0.0001300,
2026-09-29T06:32:22Z,Zyte API,Wikipedia,https://en.wikipedia.org/wiki/Photosynthesis,first try,default,200,200,yes,4.02,,0.0001300,
2026-09-29T06:32:24Z,Crawio,Wikipedia,https://en.wikipedia.org/wiki/Rainforest,first try,default,200,200,yes,2.48,1,0.0000967,
2026-09-29T06:32:24Z,ScrapingBee,Wikipedia,https://en.wikipedia.org/wiki/Photosynthesis,first try,"{""render_js"": ""false""}",200,200,yes,2.27,1,0.0001960,
2026-09-29T06:32:24Z,ScrapingBee,Wikipedia,https://en.wikipedia.org/wiki/Chess,first try,"{""render_js"": ""false""}",200,200,yes,3.31,1,0.0001960,
2026-09-29T06:32:24Z,ScrapingBee,Wikipedia,https://en.wikipedia.org/wiki/Honey,first try,"{""render_js"": ""false""}",200,200,yes,3.33,1,0.0001960,
2026-09-29T06:32:24Z,ScrapingBee,Wikipedia,https://en.wikipedia.org/wiki/Jazz,first try,"{""render_js"": ""false""}",200,200,yes,3.35,1,0.0001960,
2026-09-29T06:32:23Z,ScraperAPI,Wikipedia,https://en.wikipedia.org/wiki/Jazz,first try,default,200,200,yes,4.18,1,0.0004900,
2026-09-29T06:32:23Z,ScraperAPI,Wikipedia,https://en.wikipedia.org/wiki/Honey,first try,default,200,200,yes,4.35,1,0.0004900,
2026-09-29T06:32:23Z,ScraperAPI,Wikipedia,https://en.wikipedia.org/wiki/Photosynthesis,first try,default,200,200,yes,4.66,1,0.0004900,
2026-09-29T06:32:24Z,ScrapingBee,Wikipedia,https://en.wikipedia.org/wiki/Volcano,first try,"{""render_js"": ""false""}",200,200,yes,3.93,1,0.0001960,
2026-09-29T06:32:23Z,ScraperAPI,Wikipedia,https://en.wikipedia.org/wiki/Volcano,first try,default,200,200,yes,4.85,1,0.0004900,
2026-09-29T06:32:24Z,Crawio,Wikipedia,https://en.wikipedia.org/wiki/Great_Wall_of_China,first try,default,200,200,yes,4.51,1,0.0000967,
2026-09-29T06:32:25Z,Zyte API,Wikipedia,https://en.wikipedia.org/wiki/Bitcoin,first try,default,200,200,yes,3.23,,0.0001300,
2026-09-29T06:32:25Z,Scrape.do,Wikipedia,https://en.wikipedia.org/wiki/Volcano,first try,default,200,200,yes,3.43,1,0.0001160,
2026-09-29T06:32:25Z,Zyte API,Wikipedia,https://en.wikipedia.org/wiki/Rainforest,first try,default,200,200,yes,3.38,,0.0001300,
2026-09-29T06:32:25Z,Zyte API,Wikipedia,https://en.wikipedia.org/wiki/Great_Wall_of_China,first try,default,200,200,yes,3.6,,0.0001300,
2026-09-29T06:32:21Z,ZenRows,Wikipedia,https://en.wikipedia.org/wiki/Tokyo,setting search,default,200,200,yes,7.99,1,0.0002280,
2026-09-29T06:32:28Z,ScrapingBee,Wikipedia,https://en.wikipedia.org/wiki/Rainforest,first try,"{""render_js"": ""false""}",200,200,yes,2.19,1,0.0001960,
2026-09-29T06:32:28Z,ScrapingBee,Wikipedia,https://en.wikipedia.org/wiki/Great_Wall_of_China,first try,"{""render_js"": ""false""}",200,200,yes,2.33,1,0.0001960,
2026-09-29T06:32:25Z,Scrape.do,Wikipedia,https://en.wikipedia.org/wiki/Photosynthesis,first try,default,200,200,yes,4.78,1,0.0001160,
2026-09-29T06:32:25Z,Scrape.do,Wikipedia,https://en.wikipedia.org/wiki/Honey,first try,default,200,200,yes,4.83,1,0.0001160,
2026-09-29T06:32:28Z,ScrapingBee,Wikipedia,https://en.wikipedia.org/wiki/Bitcoin,first try,"{""render_js"": ""false""}",200,200,yes,2.48,1,0.0001960,
2026-09-29T06:32:26Z,ScrapingBee,Wikipedia,https://en.wikipedia.org/wiki/Marathon,first try,"{""render_js"": ""false""}",200,200,yes,4.22,1,0.0001960,
2026-09-29T06:32:25Z,Scrape.do,Wikipedia,https://en.wikipedia.org/wiki/Jazz,first try,default,200,200,yes,5.9,1,0.0001160,
2026-09-29T06:32:28Z,ScraperAPI,Wikipedia,https://en.wikipedia.org/wiki/Bitcoin,first try,default,200,200,yes,3.35,1,0.0004900,
2026-09-29T06:32:28Z,ScraperAPI,Wikipedia,https://en.wikipedia.org/wiki/Marathon,first try,default,200,200,yes,3.54,1,0.0004900,
2026-09-29T06:32:30Z,Scrape.do,Wikipedia,https://en.wikipedia.org/wiki/Great_Wall_of_China,first try,default,200,200,yes,1.72,1,0.0001160,
2026-09-29T06:32:28Z,ScraperAPI,Wikipedia,https://en.wikipedia.org/wiki/Great_Wall_of_China,first try,default,200,200,yes,4.07,1,0.0004900,
2026-09-29T06:32:25Z,Scrape.do,Wikipedia,https://en.wikipedia.org/wiki/Chess,first try,default,200,200,yes,7.29,1,0.0001160,
2026-09-29T06:32:30Z,Scrape.do,Wikipedia,https://en.wikipedia.org/wiki/Bitcoin,first try,default,200,200,yes,2.69,1,0.0001160,
2026-09-29T06:32:29Z,Scrape.do,Wikipedia,https://en.wikipedia.org/wiki/Marathon,first try,default,200,200,yes,4.64,1,0.0001160,
2026-09-29T06:32:31Z,Scrape.do,Wikipedia,https://en.wikipedia.org/wiki/Rainforest,first try,default,200,200,yes,2.73,1,0.0001160,
2026-09-29T06:32:25Z,Zyte API,Wikipedia,https://en.wikipedia.org/wiki/Marathon,first try,default,200,200,yes,9.16,,0.0001300,
2026-09-29T06:32:28Z,ScraperAPI,Wikipedia,https://en.wikipedia.org/wiki/Rainforest,first try,default,200,200,yes,6.03,1,0.0004900,
2026-09-29T06:32:23Z,ScraperAPI,Wikipedia,https://en.wikipedia.org/wiki/Chess,first try,default,200,200,yes,11.38,1,0.0004900,
2026-09-29T06:32:29Z,ZenRows,Wikipedia,https://en.wikipedia.org/wiki/Honey,first try,default,200,200,yes,7.33,1,0.0002280,
2026-09-29T06:32:29Z,ZenRows,Wikipedia,https://en.wikipedia.org/wiki/Volcano,first try,default,200,200,yes,7.43,1,0.0002280,
2026-09-29T06:32:29Z,ZenRows,Wikipedia,https://en.wikipedia.org/wiki/Photosynthesis,first try,default,200,200,yes,7.44,1,0.0002280,
2026-09-29T06:32:29Z,ZenRows,Wikipedia,https://en.wikipedia.org/wiki/Chess,first try,default,200,200,yes,7.94,1,0.0002280,
2026-09-29T06:32:29Z,ZenRows,Wikipedia,https://en.wikipedia.org/wiki/Jazz,first try,default,200,200,yes,8.05,1,0.0002280,
2026-09-29T06:32:37Z,ZenRows,Wikipedia,https://en.wikipedia.org/wiki/Great_Wall_of_China,first try,default,200,200,yes,7.04,1,0.0002280,
2026-09-29T06:32:37Z,ZenRows,Wikipedia,https://en.wikipedia.org/wiki/Bitcoin,first try,default,200,200,yes,7.37,1,0.0002280,
2026-09-29T06:32:36Z,ZenRows,Wikipedia,https://en.wikipedia.org/wiki/Marathon,first try,default,200,200,yes,7.52,1,0.0002280,
2026-09-29T06:32:37Z,ZenRows,Wikipedia,https://en.wikipedia.org/wiki/Rainforest,first try,default,200,200,yes,7.61,1,0.0002280,
2026-09-29T06:32:45Z,Zyte API,Amazon,https://www.amazon.com/s?k=wireless+mouse,setting search,default,200,200,yes,4.19,,0.0002300,
2026-09-29T06:32:45Z,Crawio,Amazon,https://www.amazon.com/s?k=hiking+boots,first try,default,200,200,yes,4.23,1,0.0000967,
2026-09-29T06:32:45Z,Crawio,Amazon,https://www.amazon.com/s?k=wireless+mouse,first try,default,200,200,yes,4.32,1,0.0000967,
2026-09-29T06:32:46Z,ScraperAPI,Amazon,https://www.amazon.com/s?k=wireless+mouse,setting search,default,200,200,yes,3.44,5,0.0024500,
2026-09-29T06:32:45Z,Crawio,Amazon,https://www.amazon.com/s?k=sunglasses,first try,default,200,200,yes,6.03,1,0.0000967,
2026-09-29T06:32:48Z,Scrape.do,Amazon,https://www.amazon.com/s?k=wireless+mouse,setting search,default,200,200,yes,4.02,1,0.0001160,
2026-09-29T06:32:45Z,Crawio,Amazon,https://www.amazon.com/s?k=notebook,first try,default,200,200,yes,7.85,1,0.0000967,
2026-09-29T06:32:49Z,Crawio,Amazon,https://www.amazon.com/s?k=rice+cooker,first try,default,200,200,yes,3.74,1,0.0000967,
2026-09-29T06:32:49Z,Zyte API,Amazon,https://www.amazon.com/s?k=blender,first try,default,200,200,yes,3.96,,0.0002300,
2026-09-29T06:32:49Z,Crawio,Amazon,https://www.amazon.com/s?k=monitor,first try,default,200,200,yes,3.98,1,0.0000967,
2026-09-29T06:32:48Z,ScrapingBee,Amazon,https://www.amazon.com/s?k=wireless+mouse,setting search,"{""render_js"": ""false""}",200,200,yes,6.16,1,0.0001960,
2026-09-29T06:32:49Z,Zyte API,Amazon,https://www.amazon.com/s?k=rice+cooker,first try,default,200,200,yes,4.82,,0.0002300,
2026-09-29T06:32:50Z,ScraperAPI,Amazon,https://www.amazon.com/s?k=notebook,first try,default,200,200,yes,4.18,5,0.0024500,
2026-09-29T06:32:50Z,ScraperAPI,Amazon,https://www.amazon.com/s?k=sunglasses,first try,default,200,200,yes,4.42,5,0.0024500,
2026-09-29T06:32:50Z,ScraperAPI,Amazon,https://www.amazon.com/s?k=rice+cooker,first try,default,200,200,yes,4.47,5,0.0024500,
2026-09-29T06:32:49Z,Zyte API,Amazon,https://www.amazon.com/s?k=sunglasses,first try,default,200,200,yes,5.29,,0.0002300,
2026-09-29T06:32:49Z,Zyte API,Amazon,https://www.amazon.com/s?k=hiking+boots,first try,default,200,200,yes,5.71,,0.0002300,
2026-09-29T06:32:52Z,Scrape.do,Amazon,https://www.amazon.com/s?k=rice+cooker,first try,default,200,200,yes,3.34,1,0.0001160,
2026-09-29T06:32:53Z,Crawio,Amazon,https://www.amazon.com/s?k=earbuds,first try,default,200,200,yes,3.38,1,0.0000967,
2026-09-29T06:32:52Z,Scrape.do,Amazon,https://www.amazon.com/s?k=notebook,first try,default,200,200,yes,4.13,1,0.0001160,
2026-09-29T06:32:53Z,Crawio,Amazon,https://www.amazon.com/s?k=kettle,first try,default,200,200,yes,3.44,1,0.0000967,
2026-09-29T06:32:51Z,Crawio,Amazon,https://www.amazon.com/s?k=tent,first try,default,200,200,yes,6.33,1,0.0000967,
2026-09-29T06:32:52Z,Scrape.do,Amazon,https://www.amazon.com/s?k=blender,first try,default,200,200,yes,5.11,1,0.0001160,
2026-09-29T06:32:49Z,ZenRows,Amazon,https://www.amazon.com/s?k=wireless+mouse,setting search,default,200,200,no,8.72,1,0.0002280,
2026-09-29T06:32:52Z,Scrape.do,Amazon,https://www.amazon.com/s?k=sunglasses,first try,default,200,200,yes,5.7,1,0.0001160,
2026-09-29T06:32:54Z,ScraperAPI,Amazon,https://www.amazon.com/s?k=earbuds,first try,default,200,200,yes,3.53,5,0.0024500,
2026-09-29T06:32:54Z,ScraperAPI,Amazon,https://www.amazon.com/s?k=monitor,first try,default,200,200,yes,3.84,5,0.0024500,
2026-09-29T06:32:52Z,Scrape.do,Amazon,https://www.amazon.com/s?k=hiking+boots,first try,default,200,200,yes,5.79,1,0.0001160,
2026-09-29T06:32:54Z,ScraperAPI,Amazon,https://www.amazon.com/s?k=tent,first try,default,200,200,yes,3.66,5,0.0024500,
2026-09-29T06:32:54Z,Zyte API,Amazon,https://www.amazon.com/s?k=tent,first try,default,200,200,yes,4.45,,0.0002300,
2026-09-29T06:32:55Z,Zyte API,Amazon,https://www.amazon.com/s?k=kettle,first try,default,200,200,yes,3.72,,0.0002300,
2026-09-29T06:32:54Z,Zyte API,Amazon,https://www.amazon.com/s?k=earbuds,first try,default,200,200,yes,4.21,,0.0002300,
2026-09-29T06:32:54Z,ScrapingBee,Amazon,https://www.amazon.com/s?k=blender,first try,"{""render_js"": ""false""}",200,200,yes,5.46,1,0.0001960,
2026-09-29T06:32:56Z,Scrape.do,Amazon,https://www.amazon.com/s?k=tent,first try,default,200,200,yes,2.97,1,0.0001160,
2026-09-29T06:32:54Z,ScrapingBee,Amazon,https://www.amazon.com/s?k=rice+cooker,first try,"{""render_js"": ""false""}",200,200,yes,5.58,1,0.0001960,
2026-09-29T06:32:45Z,Crawio,Amazon,https://www.amazon.com/s?k=blender,first try,default,200,200,yes,15.34,1,0.0000967,
2026-09-29T06:32:54Z,ScrapingBee,Amazon,https://www.amazon.com/s?k=notebook,first try,"{""render_js"": ""false""}",200,200,yes,6.47,1,0.0001960,
2026-09-29T06:32:57Z,Scrape.do,Amazon,https://www.amazon.com/s?k=earbuds,first try,default,200,200,yes,3.28,1,0.0001160,
2026-09-29T06:32:54Z,ScrapingBee,Amazon,https://www.amazon.com/s?k=sunglasses,first try,"{""render_js"": ""false""}",200,200,yes,6.88,1,0.0001960,
2026-09-29T06:32:58Z,ScraperAPI,Amazon,https://www.amazon.com/s?k=kettle,first try,default,200,200,yes,3.98,5,0.0024500,
2026-09-29T06:32:50Z,ScraperAPI,Amazon,https://www.amazon.com/s?k=blender,first try,default,200,200,yes,12.35,5,0.0024500,
2026-09-29T06:32:55Z,Scrape.do,Amazon,https://www.amazon.com/s?k=monitor,first try,default,200,200,yes,6.75,1,0.0001160,
2026-09-29T06:32:59Z,ScrapingBee,Amazon,https://www.amazon.com/s?k=tent,first try,"{""render_js"": ""false""}",200,200,yes,5.08,1,0.0001960,
2026-09-29T06:32:54Z,ScrapingBee,Amazon,https://www.amazon.com/s?k=hiking+boots,first try,"{""render_js"": ""false""}",200,200,yes,11.51,1,0.0001960,
2026-09-29T06:32:59Z,ScrapingBee,Amazon,https://www.amazon.com/s?k=monitor,first try,"{""render_js"": ""false""}",200,200,yes,6.73,1,0.0001960,
2026-09-29T06:33:01Z,ScrapingBee,Amazon,https://www.amazon.com/s?k=kettle,first try,"{""render_js"": ""false""}",200,200,yes,5.74,1,0.0001960,
2026-09-29T06:33:00Z,ScrapingBee,Amazon,https://www.amazon.com/s?k=earbuds,first try,"{""render_js"": ""false""}",200,200,yes,6.64,1,0.0001960,
2026-09-29T06:32:53Z,Zyte API,Amazon,https://www.amazon.com/s?k=monitor,first try,default,200,200,yes,15.26,,0.0002300,
2026-09-29T06:32:58Z,Scrape.do,Amazon,https://www.amazon.com/s?k=kettle,first try,default,200,200,yes,19.13,1,0.0001160,
2026-09-29T06:32:57Z,ZenRows,Amazon,https://www.amazon.com/s?k=wireless+mouse,setting search,"{""js_render"": ""true""}",422,422,no,20.49,0,0.0000000,
2026-09-29T06:32:50Z,ScraperAPI,Amazon,https://www.amazon.com/s?k=hiking+boots,first try,default,200,200,yes,31.33,5,0.0024500,
2026-09-29T06:33:18Z,ZenRows,Amazon,https://www.amazon.com/s?k=wireless+mouse,setting search,"{""premium_proxy"": ""true""}",200,200,yes,9.26,10,0.0022800,
2026-09-29T06:32:49Z,Zyte API,Amazon,https://www.amazon.com/s?k=notebook,first try,default,200,200,yes,41.65,,0.0002300,
2026-09-29T06:33:27Z,ZenRows,Amazon,https://www.amazon.com/s?k=notebook,first try,"{""premium_proxy"": ""true""}",200,200,yes,9.11,10,0.0022800,
2026-09-29T06:33:27Z,ZenRows,Amazon,https://www.amazon.com/s?k=sunglasses,first try,"{""premium_proxy"": ""true""}",200,200,yes,9.15,10,0.0022800,
2026-09-29T06:33:27Z,ZenRows,Amazon,https://www.amazon.com/s?k=hiking+boots,first try,"{""premium_proxy"": ""true""}",200,200,yes,9.33,10,0.0022800,
2026-09-29T06:33:27Z,ZenRows,Amazon,https://www.amazon.com/s?k=rice+cooker,first try,"{""premium_proxy"": ""true""}",200,200,yes,9.91,10,0.0022800,
2026-09-29T06:33:36Z,ZenRows,Amazon,https://www.amazon.com/s?k=monitor,first try,"{""premium_proxy"": ""true""}",200,200,no,6.82,10,0.0022800,
2026-09-29T06:33:37Z,ZenRows,Amazon,https://www.amazon.com/s?k=earbuds,first try,"{""premium_proxy"": ""true""}",200,200,no,6.95,10,0.0022800,
2026-09-29T06:33:36Z,ZenRows,Amazon,https://www.amazon.com/s?k=tent,first try,"{""premium_proxy"": ""true""}",200,200,yes,9.15,10,0.0022800,
2026-09-29T06:33:37Z,ZenRows,Amazon,https://www.amazon.com/s?k=kettle,first try,"{""premium_proxy"": ""true""}",200,200,yes,8.97,10,0.0022800,
2026-09-29T06:33:43Z,ZenRows,Amazon,https://www.amazon.com/s?k=earbuds,retry,"{""premium_proxy"": ""true"", ""js_render"": ""true""}",200,200,yes,12.15,25,0.0057000,
2026-09-29T06:33:27Z,ZenRows,Amazon,https://www.amazon.com/s?k=blender,first try,"{""premium_proxy"": ""true""}",200,200,yes,28.83,10,0.0022800,
2026-09-29T06:33:43Z,ZenRows,Amazon,https://www.amazon.com/s?k=monitor,retry,"{""premium_proxy"": ""true"", ""js_render"": ""true""}",200,200,yes,13.99,25,0.0057000,
2026-09-29T06:34:00Z,ZenRows,eBay,https://www.ebay.com/sch/i.html?_nkw=wireless+mouse,setting search,default,400,400,no,3.46,0,0.0000000,
2026-09-29T06:33:59Z,ScraperAPI,eBay,https://www.ebay.com/sch/i.html?_nkw=wireless+mouse,setting search,default,200,200,yes,4.8,1,0.0004900,
2026-09-29T06:34:01Z,ScrapingBee,eBay,https://www.ebay.com/sch/i.html?_nkw=wireless+mouse,setting search,"{""render_js"": ""false""}",500,500,no,3.25,0,0.0000000,
2026-09-29T06:34:04Z,ZenRows,eBay,https://www.ebay.com/sch/i.html?_nkw=wireless+mouse,setting search,"{""js_render"": ""true""}",400,400,no,1.61,0,0.0000000,
2026-09-29T06:34:05Z,ZenRows,eBay,https://www.ebay.com/sch/i.html?_nkw=wireless+mouse,setting search,"{""premium_proxy"": ""true""}",400,400,no,1.18,0,0.0000000,
2026-09-29T06:34:04Z,ScraperAPI,eBay,https://www.ebay.com/sch/i.html?_nkw=rice+cooker,first try,default,200,200,yes,4.43,1,0.0004900,
2026-09-29T06:34:04Z,ScraperAPI,eBay,https://www.ebay.com/sch/i.html?_nkw=hiking+boots,first try,default,200,200,yes,5.51,1,0.0004900,
2026-09-29T06:34:04Z,ScraperAPI,eBay,https://www.ebay.com/sch/i.html?_nkw=notebook,first try,default,200,200,yes,6.36,1,0.0004900,
2026-09-29T06:34:04Z,ScrapingBee,eBay,https://www.ebay.com/sch/i.html?_nkw=wireless+mouse,setting search,"{""render_js"": ""true""}",500,500,no,7.64,0,0.0000000,
2026-09-29T06:34:01Z,Scrape.do,eBay,https://www.ebay.com/sch/i.html?_nkw=wireless+mouse,setting search,default,200,200,yes,11.06,1,0.0001160,
2026-09-29T06:34:04Z,ScraperAPI,eBay,https://www.ebay.com/sch/i.html?_nkw=sunglasses,first try,default,200,200,yes,9.46,1,0.0004900,
2026-09-29T06:34:08Z,ScraperAPI,eBay,https://www.ebay.com/sch/i.html?_nkw=monitor,first try,default,200,200,yes,5.78,1,0.0004900,
2026-09-29T06:34:04Z,ScraperAPI,eBay,https://www.ebay.com/sch/i.html?_nkw=blender,first try,default,200,200,yes,11.72,1,0.0004900,
2026-09-29T06:34:12Z,Scrape.do,eBay,https://www.ebay.com/sch/i.html?_nkw=blender,first try,default,200,200,yes,3.89,1,0.0001160,
2026-09-29T06:34:12Z,Scrape.do,eBay,https://www.ebay.com/sch/i.html?_nkw=rice+cooker,first try,default,200,200,yes,4.37,1,0.0001160,
2026-09-29T06:34:12Z,Scrape.do,eBay,https://www.ebay.com/sch/i.html?_nkw=notebook,first try,default,200,200,yes,4.42,1,0.0001160,
2026-09-29T06:34:12Z,Scrape.do,eBay,https://www.ebay.com/sch/i.html?_nkw=hiking+boots,first try,default,200,200,yes,4.45,1,0.0001160,
2026-09-29T06:34:13Z,ScraperAPI,eBay,https://www.ebay.com/sch/i.html?_nkw=kettle,first try,default,200,200,yes,6.26,1,0.0004900,
2026-09-29T06:33:57Z,Crawio,eBay,https://www.ebay.com/sch/i.html?_nkw=sunglasses,first try,default,200,200,yes,23.52,6,0.0005800,
2026-09-29T06:33:57Z,Crawio,eBay,https://www.ebay.com/sch/i.html?_nkw=blender,first try,default,200,200,yes,24.64,6,0.0005800,
2026-09-29T06:34:12Z,ScrapingBee,eBay,https://www.ebay.com/sch/i.html?_nkw=wireless+mouse,setting search,"{""render_js"": ""false"", ""premium_proxy"": ""true""}",200,200,yes,10.57,10,0.0019600,
2026-09-29T06:34:16Z,Scrape.do,eBay,https://www.ebay.com/sch/i.html?_nkw=monitor,first try,default,200,200,yes,6.77,1,0.0001160,
2026-09-29T06:34:10Z,ScraperAPI,eBay,https://www.ebay.com/sch/i.html?_nkw=earbuds,first try,default,200,200,yes,12.39,1,0.0004900,
2026-09-29T06:34:07Z,ZenRows,eBay,https://www.ebay.com/sch/i.html?_nkw=wireless+mouse,setting search,"{""premium_proxy"": ""true"", ""js_render"": ""true""}",200,200,yes,16.8,25,0.0057000,
2026-09-29T06:33:57Z,Crawio,eBay,https://www.ebay.com/sch/i.html?_nkw=hiking+boots,first try,default,200,200,yes,26.7,6,0.0005800,
2026-09-29T06:34:16Z,Scrape.do,eBay,https://www.ebay.com/sch/i.html?_nkw=tent,first try,default,200,200,yes,8.02,1,0.0001160,
2026-09-29T06:34:16Z,Scrape.do,eBay,https://www.ebay.com/sch/i.html?_nkw=kettle,first try,default,200,200,yes,7.99,1,0.0001160,
2026-09-29T06:34:09Z,ScraperAPI,eBay,https://www.ebay.com/sch/i.html?_nkw=tent,first try,default,200,200,yes,16.73,1,0.0004900,
2026-09-29T06:34:12Z,Scrape.do,eBay,https://www.ebay.com/sch/i.html?_nkw=sunglasses,first try,default,200,200,yes,14.46,1,0.0001160,
2026-09-29T06:34:16Z,Scrape.do,eBay,https://www.ebay.com/sch/i.html?_nkw=earbuds,first try,default,200,200,yes,10.77,1,0.0001160,
2026-09-29T06:33:57Z,Zyte API,eBay,https://www.ebay.com/sch/i.html?_nkw=wireless+mouse,setting search,default,200,200,yes,32.58,,0.0002300,
2026-09-29T06:34:21Z,Crawio,eBay,https://www.ebay.com/sch/i.html?_nkw=rice+cooker,first try,default,200,200,yes,9.84,6,0.0005800,
2026-09-29T06:34:22Z,ScrapingBee,eBay,https://www.ebay.com/sch/i.html?_nkw=sunglasses,first try,"{""render_js"": ""false"", ""premium_proxy"": ""true""}",200,200,yes,8.93,10,0.0019600,
2026-09-29T06:34:22Z,ScrapingBee,eBay,https://www.ebay.com/sch/i.html?_nkw=blender,first try,"{""render_js"": ""false"", ""premium_proxy"": ""true""}",200,200,yes,10.37,10,0.0019600,
2026-09-29T06:34:22Z,ScrapingBee,eBay,https://www.ebay.com/sch/i.html?_nkw=hiking+boots,first try,"{""render_js"": ""false"", ""premium_proxy"": ""true""}",200,200,yes,10.55,10,0.0019600,
2026-09-29T06:34:22Z,ScrapingBee,eBay,https://www.ebay.com/sch/i.html?_nkw=rice+cooker,first try,"{""render_js"": ""false"", ""premium_proxy"": ""true""}",200,200,yes,11.56,10,0.0019600,
2026-09-29T06:34:24Z,Crawio,eBay,https://www.ebay.com/sch/i.html?_nkw=tent,first try,default,200,200,yes,11.57,6,0.0005800,
2026-09-29T06:34:23Z,ZenRows,eBay,https://www.ebay.com/sch/i.html?_nkw=notebook,first try,"{""premium_proxy"": ""true"", ""js_render"": ""true""}",200,200,yes,14.05,25,0.0057000,
2026-09-29T06:34:22Z,ScrapingBee,eBay,https://www.ebay.com/sch/i.html?_nkw=notebook,first try,"{""render_js"": ""false"", ""premium_proxy"": ""true""}",200,200,yes,16.52,10,0.0019600,
2026-09-29T06:34:23Z,ZenRows,eBay,https://www.ebay.com/sch/i.html?_nkw=hiking+boots,first try,"{""premium_proxy"": ""true"", ""js_render"": ""true""}",200,200,yes,17.3,25,0.0057000,
2026-09-29T06:34:23Z,ZenRows,eBay,https://www.ebay.com/sch/i.html?_nkw=blender,first try,"{""premium_proxy"": ""true"", ""js_render"": ""true""}",200,200,yes,17.37,25,0.0057000,
2026-09-29T06:34:23Z,ZenRows,eBay,https://www.ebay.com/sch/i.html?_nkw=sunglasses,first try,"{""premium_proxy"": ""true"", ""js_render"": ""true""}",200,200,yes,18.45,25,0.0057000,
2026-09-29T06:34:31Z,Crawio,eBay,https://www.ebay.com/sch/i.html?_nkw=earbuds,first try,default,200,200,yes,11.86,6,0.0005800,
2026-09-29T06:34:33Z,ScrapingBee,eBay,https://www.ebay.com/sch/i.html?_nkw=tent,first try,"{""render_js"": ""false"", ""premium_proxy"": ""true""}",200,200,yes,10.88,10,0.0019600,
2026-09-29T06:34:31Z,ScrapingBee,eBay,https://www.ebay.com/sch/i.html?_nkw=monitor,first try,"{""render_js"": ""false"", ""premium_proxy"": ""true""}",200,200,yes,12.37,10,0.0019600,
2026-09-29T06:34:34Z,ScrapingBee,eBay,https://www.ebay.com/sch/i.html?_nkw=kettle,first try,"{""render_js"": ""false"", ""premium_proxy"": ""true""}",200,200,yes,12.25,10,0.0019600,
2026-09-29T06:34:33Z,ScrapingBee,eBay,https://www.ebay.com/sch/i.html?_nkw=earbuds,first try,"{""render_js"": ""false"", ""premium_proxy"": ""true""}",200,200,yes,13.79,10,0.0019600,
2026-09-29T06:34:38Z,ZenRows,eBay,https://www.ebay.com/sch/i.html?_nkw=monitor,first try,"{""premium_proxy"": ""true"", ""js_render"": ""true""}",200,200,no,10.7,25,0.0057000,
2026-09-29T06:34:22Z,Crawio,eBay,https://www.ebay.com/sch/i.html?_nkw=monitor,first try,default,200,200,yes,26.4,6,0.0005800,
2026-09-29T06:34:23Z,ZenRows,eBay,https://www.ebay.com/sch/i.html?_nkw=rice+cooker,first try,"{""premium_proxy"": ""true"", ""js_render"": ""true""}",200,200,yes,25.03,25,0.0057000,
2026-09-29T06:34:41Z,ZenRows,eBay,https://www.ebay.com/sch/i.html?_nkw=earbuds,first try,"{""premium_proxy"": ""true"", ""js_render"": ""true""}",200,200,no,9.8,25,0.0057000,
2026-09-29T06:34:30Z,Zyte API,eBay,https://www.ebay.com/sch/i.html?_nkw=notebook,first try,default,200,200,yes,21.0,,0.0002300,
2026-09-29T06:33:57Z,Crawio,eBay,https://www.ebay.com/sch/i.html?_nkw=wireless+mouse,first try,default,200,200,yes,55.4,6,0.0005800,
2026-09-29T06:33:57Z,Crawio,eBay,https://www.ebay.com/sch/i.html?_nkw=notebook,first try,default,200,200,yes,60.33,6,0.0005800,
2026-09-29T06:34:42Z,ZenRows,eBay,https://www.ebay.com/sch/i.html?_nkw=kettle,first try,"{""premium_proxy"": ""true"", ""js_render"": ""true""}",200,200,yes,16.86,25,0.0057000,
2026-09-29T06:34:41Z,ZenRows,eBay,https://www.ebay.com/sch/i.html?_nkw=tent,first try,"{""premium_proxy"": ""true"", ""js_render"": ""true""}",200,200,yes,19.68,25,0.0057000,
2026-09-29T06:34:30Z,Zyte API,eBay,https://www.ebay.com/sch/i.html?_nkw=blender,first try,default,200,200,yes,31.26,,0.0002300,
2026-09-29T06:34:48Z,ZenRows,eBay,https://www.ebay.com/sch/i.html?_nkw=monitor,retry,"{""premium_proxy"": ""true"", ""js_render"": ""true""}",200,200,yes,14.78,25,0.0057000,
2026-09-29T06:34:51Z,ZenRows,eBay,https://www.ebay.com/sch/i.html?_nkw=earbuds,retry,"{""premium_proxy"": ""true"", ""js_render"": ""true""}",200,200,yes,12.85,25,0.0057000,
2026-09-29T06:35:01Z,Zyte API,eBay,https://www.ebay.com/sch/i.html?_nkw=tent,first try,default,200,200,yes,4.42,,0.0002300,
2026-09-29T06:34:30Z,Zyte API,eBay,https://www.ebay.com/sch/i.html?_nkw=rice+cooker,first try,default,520,,no,41.12,,0.0000000,
2026-09-29T06:34:30Z,Zyte API,eBay,https://www.ebay.com/sch/i.html?_nkw=sunglasses,first try,default,200,200,yes,43.02,,0.0002300,
2026-09-29T06:34:30Z,Zyte API,eBay,https://www.ebay.com/sch/i.html?_nkw=hiking+boots,first try,default,200,200,yes,43.54,,0.0002300,
2026-09-29T06:35:11Z,Zyte API,eBay,https://www.ebay.com/sch/i.html?_nkw=rice+cooker,retry,"{""browserHtml"": true}",200,200,yes,13.38,,0.0010100,
2026-09-29T06:35:06Z,Zyte API,eBay,https://www.ebay.com/sch/i.html?_nkw=earbuds,first try,default,200,200,yes,21.54,,0.0002300,
2026-09-29T06:34:36Z,Crawio,eBay,https://www.ebay.com/sch/i.html?_nkw=kettle,first try,default,200,200,yes,51.54,6,0.0005800,
2026-09-29T06:35:13Z,Zyte API,eBay,https://www.ebay.com/sch/i.html?_nkw=kettle,first try,default,200,200,yes,21.73,,0.0002300,
2026-09-29T06:34:51Z,Zyte API,eBay,https://www.ebay.com/sch/i.html?_nkw=monitor,first try,default,200,200,yes,47.51,,0.0002300,
2026-09-29T06:35:42Z,ZenRows,Home Depot,https://www.homedepot.com/s/garden+hose,setting search,default,400,400,no,1.32,0,0.0000000,
2026-09-29T06:35:43Z,ZenRows,Home Depot,https://www.homedepot.com/s/garden+hose,setting search,"{""js_render"": ""true""}",400,400,no,1.35,0,0.0000000,
2026-09-29T06:35:42Z,ScrapingBee,Home Depot,https://www.homedepot.com/s/garden+hose,setting search,"{""render_js"": ""false""}",500,500,no,3.34,0,0.0000000,
2026-09-29T06:35:44Z,ZenRows,Home Depot,https://www.homedepot.com/s/garden+hose,setting search,"{""premium_proxy"": ""true""}",400,400,no,1.23,0,0.0000000,
2026-09-29T06:35:40Z,ScraperAPI,Home Depot,https://www.homedepot.com/s/garden+hose,setting search,default,200,200,yes,5.59,10,0.0049000,
2026-09-29T06:35:46Z,ZenRows,Home Depot,https://www.homedepot.com/s/garden+hose,setting search,"{""premium_proxy"": ""true"", ""js_render"": ""true""}",no reply,,no,1.76,0,0.0000000,
2026-09-29T06:35:47Z,ZenRows,Home Depot,https://www.homedepot.com/s/shovel,setting search,"{""premium_proxy"": ""true"", ""js_render"": ""true""}",no reply,,no,1.17,0,0.0000000,
2026-09-29T06:35:42Z,Scrape.do,Home Depot,https://www.homedepot.com/s/garden+hose,setting search,default,200,200,yes,7.58,10,0.0011600,
2026-09-29T06:35:46Z,ScraperAPI,Home Depot,https://www.homedepot.com/s/drill+driver,first try,default,200,200,yes,4.15,10,0.0049000,
2026-09-29T06:35:46Z,ScraperAPI,Home Depot,https://www.homedepot.com/s/level,first try,default,200,200,yes,5.93,10,0.0049000,
2026-09-29T06:35:46Z,ScraperAPI,Home Depot,https://www.homedepot.com/s/mulch,first try,default,200,200,yes,7.28,10,0.0049000,
2026-09-29T06:35:45Z,ScrapingBee,Home Depot,https://www.homedepot.com/s/garden+hose,setting search,"{""render_js"": ""true""}",500,500,no,8.41,0,0.0000000,
2026-09-29T06:35:46Z,ScraperAPI,Home Depot,https://www.homedepot.com/s/work+gloves,first try,default,200,200,yes,8.22,10,0.0049000,
2026-09-29T06:35:50Z,Scrape.do,Home Depot,https://www.homedepot.com/s/drill+driver,first try,default,200,200,yes,4.78,10,0.0011600,
2026-09-29T06:35:46Z,ScraperAPI,Home Depot,https://www.homedepot.com/s/shovel,first try,default,200,200,yes,9.09,10,0.0049000,
2026-09-29T06:35:50Z,Scrape.do,Home Depot,https://www.homedepot.com/s/level,first try,default,200,200,yes,5.65,10,0.0011600,
2026-09-29T06:35:50Z,ScraperAPI,Home Depot,https://www.homedepot.com/s/pliers,first try,default,200,200,yes,5.35,10,0.0049000,
2026-09-29T06:35:50Z,Scrape.do,Home Depot,https://www.homedepot.com/s/shovel,first try,default,200,200,yes,5.77,10,0.0011600,
2026-09-29T06:35:50Z,Scrape.do,Home Depot,https://www.homedepot.com/s/mulch,first try,default,200,200,yes,7.61,10,0.0011600,
2026-09-29T06:35:52Z,ScraperAPI,Home Depot,https://www.homedepot.com/s/wrench,first try,default,200,200,yes,6.62,10,0.0049000,
2026-09-29T06:35:54Z,ScraperAPI,Home Depot,https://www.homedepot.com/s/extension+cord,first try,default,200,200,yes,4.32,10,0.0049000,
2026-09-29T06:35:50Z,Scrape.do,Home Depot,https://www.homedepot.com/s/work+gloves,first try,default,200,200,yes,9.77,10,0.0011600,
2026-09-29T06:35:55Z,Scrape.do,Home Depot,https://www.homedepot.com/s/wrench,first try,default,200,200,yes,5.35,10,0.0011600,
2026-09-29T06:35:54Z,Scrape.do,Home Depot,https://www.homedepot.com/s/pliers,first try,default,200,200,yes,6.58,10,0.0011600,
2026-09-29T06:35:55Z,Scrape.do,Home Depot,https://www.homedepot.com/s/sandpaper,first try,default,200,200,yes,6.55,10,0.0011600,
2026-09-29T06:35:53Z,ScraperAPI,Home Depot,https://www.homedepot.com/s/sandpaper,first try,default,200,200,yes,10.32,10,0.0049000,
2026-09-29T06:35:57Z,Scrape.do,Home Depot,https://www.homedepot.com/s/extension+cord,first try,default,200,200,yes,6.66,10,0.0011600,
2026-09-29T06:35:38Z,Crawio,Home Depot,https://www.homedepot.com/s/mulch,first try,default,200,200,yes,26.12,6,0.0005800,
2026-09-29T06:35:38Z,Crawio,Home Depot,https://www.homedepot.com/s/garden+hose,first try,default,200,200,yes,30.44,6,0.0005800,
2026-09-29T06:35:54Z,ScrapingBee,Home Depot,https://www.homedepot.com/s/garden+hose,setting search,"{""render_js"": ""false"", ""premium_proxy"": ""true""}",200,200,yes,23.75,10,0.0019600,
2026-09-29T06:36:18Z,ScrapingBee,Home Depot,https://www.homedepot.com/s/shovel,first try,"{""render_js"": ""false"", ""premium_proxy"": ""true""}",200,200,yes,11.19,10,0.0019600,
2026-09-29T06:36:18Z,ScrapingBee,Home Depot,https://www.homedepot.com/s/mulch,first try,"{""render_js"": ""false"", ""premium_proxy"": ""true""}",200,200,yes,11.2,10,0.0019600,
2026-09-29T06:36:18Z,ScrapingBee,Home Depot,https://www.homedepot.com/s/level,first try,"{""render_js"": ""false"", ""premium_proxy"": ""true""}",200,200,yes,12.0,10,0.0019600,
2026-09-29T06:36:09Z,Crawio,Home Depot,https://www.homedepot.com/s/pliers,first try,default,200,200,yes,20.79,6,0.0005800,
2026-09-29T06:36:18Z,ScrapingBee,Home Depot,https://www.homedepot.com/s/work+gloves,first try,"{""render_js"": ""false"", ""premium_proxy"": ""true""}",200,200,yes,12.02,10,0.0019600,
2026-09-29T06:35:38Z,Zyte API,Home Depot,https://www.homedepot.com/s/garden+hose,setting search,default,200,200,yes,51.64,,0.0007000,
2026-09-29T06:36:18Z,ScrapingBee,Home Depot,https://www.homedepot.com/s/drill+driver,first try,"{""render_js"": ""false"", ""premium_proxy"": ""true""}",200,200,yes,13.56,10,0.0019600,
2026-09-29T06:35:38Z,Crawio,Home Depot,https://www.homedepot.com/s/work+gloves,first try,default,200,200,yes,56.67,6,0.0005800,
2026-09-29T06:36:30Z,ScrapingBee,Home Depot,https://www.homedepot.com/s/extension+cord,first try,"{""render_js"": ""false"", ""premium_proxy"": ""true""}",200,200,yes,10.52,10,0.0019600,
2026-09-29T06:36:29Z,ScrapingBee,Home Depot,https://www.homedepot.com/s/pliers,first try,"{""render_js"": ""false"", ""premium_proxy"": ""true""}",200,200,yes,11.44,10,0.0019600,
2026-09-29T06:36:29Z,ScrapingBee,Home Depot,https://www.homedepot.com/s/wrench,first try,"{""render_js"": ""false"", ""premium_proxy"": ""true""}",200,200,yes,12.34,10,0.0019600,
2026-09-29T06:36:30Z,ScrapingBee,Home Depot,https://www.homedepot.com/s/sandpaper,first try,"{""render_js"": ""false"", ""premium_proxy"": ""true""}",200,200,yes,11.75,10,0.0019600,
2026-09-29T06:36:05Z,Crawio,Home Depot,https://www.homedepot.com/s/level,first try,default,200,200,yes,37.71,6,0.0005800,
2026-09-29T06:36:42Z,Crawio,Home Depot,https://www.homedepot.com/s/extension+cord,first try,default,200,200,yes,7.54,6,0.0005800,
2026-09-29T06:35:38Z,Crawio,Home Depot,https://www.homedepot.com/s/drill+driver,first try,default,200,200,yes,72.22,6,0.0005800,
2026-09-29T06:35:38Z,Crawio,Home Depot,https://www.homedepot.com/s/shovel,first try,default,200,200,yes,75.06,6,0.0005800,
2026-09-29T06:36:30Z,Crawio,Home Depot,https://www.homedepot.com/s/wrench,first try,default,200,200,yes,25.62,6,0.0005800,
2026-09-29T06:36:35Z,Crawio,Home Depot,https://www.homedepot.com/s/sandpaper,first try,default,200,200,yes,31.87,6,0.0005800,
2026-09-29T06:36:30Z,Zyte API,Home Depot,https://www.homedepot.com/s/work+gloves,first try,default,200,200,yes,40.18,,0.0007000,
2026-09-29T06:36:30Z,Zyte API,Home Depot,https://www.homedepot.com/s/drill+driver,first try,default,200,200,yes,43.35,,0.0007000,
2026-09-29T06:36:30Z,Zyte API,Home Depot,https://www.homedepot.com/s/level,first try,default,200,200,yes,44.67,,0.0007000,
2026-09-29T06:36:30Z,Zyte API,Home Depot,https://www.homedepot.com/s/mulch,first try,default,200,200,yes,44.89,,0.0007000,
2026-09-29T06:36:30Z,Zyte API,Home Depot,https://www.homedepot.com/s/shovel,first try,default,200,200,yes,54.39,,0.0007000,
2026-09-29T06:37:10Z,Zyte API,Home Depot,https://www.homedepot.com/s/pliers,first try,default,200,200,yes,39.7,,0.0007000,
2026-09-29T06:37:15Z,Zyte API,Home Depot,https://www.homedepot.com/s/extension+cord,first try,default,200,200,yes,45.47,,0.0007000,
2026-09-29T06:37:13Z,Zyte API,Home Depot,https://www.homedepot.com/s/wrench,first try,default,200,200,yes,51.09,,0.0007000,
2026-09-29T06:37:15Z,Zyte API,Home Depot,https://www.homedepot.com/s/sandpaper,first try,default,200,200,yes,49.82,,0.0007000,
2026-09-29T06:38:05Z,Crawio,Zillow,https://www.zillow.com/austin-tx-78748/,first try,default,200,200,yes,3.14,1,0.0000967,
2026-09-29T06:38:05Z,Crawio,Zillow,https://www.zillow.com/austin-tx-78746/,first try,default,200,200,yes,3.23,1,0.0000967,
2026-09-29T06:38:05Z,Crawio,Zillow,https://www.zillow.com/austin-tx-78750/,first try,default,200,200,yes,3.49,1,0.0000967,
2026-09-29T06:38:05Z,Zyte API,Zillow,https://www.zillow.com/austin-tx-78741/,setting search,default,200,200,yes,3.57,,0.0004400,
2026-09-29T06:38:05Z,Crawio,Zillow,https://www.zillow.com/austin-tx-78741/,first try,default,200,200,yes,3.62,1,0.0000967,
2026-09-29T06:38:08Z,ZenRows,Zillow,https://www.zillow.com/austin-tx-78741/,setting search,default,no reply,,no,1.27,0,0.0000000,
2026-09-29T06:38:09Z,ZenRows,Zillow,https://www.zillow.com/austin-tx-78741/,setting search,"{""js_render"": ""true""}",no reply,,no,1.34,0,0.0000000,
2026-09-29T06:38:08Z,Crawio,Zillow,https://www.zillow.com/austin-tx-78752/,first try,default,200,200,yes,2.71,1,0.0000967,
2026-09-29T06:38:05Z,Crawio,Zillow,https://www.zillow.com/austin-tx-78749/,first try,default,200,200,yes,6.22,1,0.0000967,
2026-09-29T06:38:08Z,Crawio,Zillow,https://www.zillow.com/austin-tx-78751/,first try,default,200,200,yes,3.36,1,0.0000967,
2026-09-29T06:38:10Z,ZenRows,Zillow,https://www.zillow.com/austin-tx-78741/,setting search,"{""premium_proxy"": ""true""}",no reply,,no,1.13,0,0.0000000,
2026-09-29T06:38:08Z,Crawio,Zillow,https://www.zillow.com/austin-tx-78753/,first try,default,200,200,yes,3.37,1,0.0000967,
2026-09-29T06:38:06Z,ScraperAPI,Zillow,https://www.zillow.com/austin-tx-78741/,setting search,default,200,200,yes,5.43,1,0.0004900,
2026-09-29T06:38:08Z,Zyte API,Zillow,https://www.zillow.com/austin-tx-78751/,first try,default,200,200,yes,3.51,,0.0004400,
2026-09-29T06:38:08Z,Zyte API,Zillow,https://www.zillow.com/austin-tx-78749/,first try,default,200,200,yes,3.89,,0.0004400,
2026-09-29T06:38:08Z,Zyte API,Zillow,https://www.zillow.com/austin-tx-78746/,first try,default,200,200,yes,3.95,,0.0004400,
2026-09-29T06:38:08Z,Zyte API,Zillow,https://www.zillow.com/austin-tx-78750/,first try,default,200,200,yes,3.99,,0.0004400,
2026-09-29T06:38:12Z,ZenRows,Zillow,https://www.zillow.com/austin-tx-78741/,setting search,"{""premium_proxy"": ""true"", ""js_render"": ""true""}",no reply,,no,1.18,0,0.0000000,
2026-09-29T06:38:11Z,Crawio,Zillow,https://www.zillow.com/austin-tx-78758/,first try,default,200,200,yes,2.69,1,0.0000967,
2026-09-29T06:38:08Z,Crawio,Zillow,https://www.zillow.com/austin-tx-78757/,first try,default,200,200,yes,5.21,1,0.0000967,
2026-09-29T06:38:13Z,ZenRows,Zillow,https://www.zillow.com/austin-tx-78746/,setting search,"{""premium_proxy"": ""true"", ""js_render"": ""true""}",no reply,,no,1.31,0,0.0000000,
2026-09-29T06:38:08Z,Scrape.do,Zillow,https://www.zillow.com/austin-tx-78741/,setting search,default,200,200,yes,6.65,1,0.0001160,
2026-09-29T06:38:12Z,ScraperAPI,Zillow,https://www.zillow.com/austin-tx-78748/,first try,default,200,200,yes,3.16,1,0.0004900,
2026-09-29T06:38:12Z,Zyte API,Zillow,https://www.zillow.com/austin-tx-78752/,first try,default,200,200,yes,3.75,,0.0004400,
2026-09-29T06:38:12Z,ScraperAPI,Zillow,https://www.zillow.com/austin-tx-78751/,first try,default,200,200,yes,3.76,1,0.0004900,
2026-09-29T06:38:12Z,ScraperAPI,Zillow,https://www.zillow.com/austin-tx-78750/,first try,default,200,200,yes,4.1,1,0.0004900,
2026-09-29T06:38:12Z,Zyte API,Zillow,https://www.zillow.com/austin-tx-78753/,first try,default,200,200,yes,3.75,,0.0004400,
2026-09-29T06:38:08Z,ScrapingBee,Zillow,https://www.zillow.com/austin-tx-78741/,setting search,"{""render_js"": ""false""}",200,200,yes,8.52,1,0.0001960,
2026-09-29T06:38:12Z,Zyte API,Zillow,https://www.zillow.com/austin-tx-78757/,first try,default,200,200,yes,4.1,,0.0004400,
2026-09-29T06:38:15Z,Scrape.do,Zillow,https://www.zillow.com/austin-tx-78751/,first try,default,200,200,yes,3.23,1,0.0001160,
2026-09-29T06:38:12Z,ScraperAPI,Zillow,https://www.zillow.com/austin-tx-78746/,first try,default,200,200,yes,6.49,1,0.0004900,
2026-09-29T06:38:12Z,ScraperAPI,Zillow,https://www.zillow.com/austin-tx-78749/,first try,default,200,200,yes,7.25,1,0.0004900,
2026-09-29T06:38:15Z,Scrape.do,Zillow,https://www.zillow.com/austin-tx-78749/,first try,default,200,200,yes,4.67,1,0.0001160,
2026-09-29T06:38:16Z,ScraperAPI,Zillow,https://www.zillow.com/austin-tx-78753/,first try,default,200,200,yes,4.17,1,0.0004900,
2026-09-29T06:38:15Z,ScraperAPI,Zillow,https://www.zillow.com/austin-tx-78752/,first try,default,200,200,yes,5.08,1,0.0004900,
2026-09-29T06:38:16Z,ScraperAPI,Zillow,https://www.zillow.com/austin-tx-78757/,first try,default,200,200,yes,4.4,1,0.0004900,
2026-09-29T06:38:15Z,Scrape.do,Zillow,https://www.zillow.com/austin-tx-78746/,first try,default,200,200,yes,6.14,1,0.0001160,
2026-09-29T06:38:16Z,ScrapingBee,Zillow,https://www.zillow.com/austin-tx-78748/,first try,"{""render_js"": ""false""}",200,200,yes,5.4,1,0.0001960,
2026-09-29T06:38:18Z,ScraperAPI,Zillow,https://www.zillow.com/austin-tx-78758/,first try,default,200,200,yes,3.28,1,0.0004900,
2026-09-29T06:38:19Z,Scrape.do,Zillow,https://www.zillow.com/austin-tx-78753/,first try,default,200,200,yes,2.65,1,0.0001160,
2026-09-29T06:38:16Z,ScrapingBee,Zillow,https://www.zillow.com/austin-tx-78749/,first try,"{""render_js"": ""false""}",200,200,yes,6.03,1,0.0001960,
2026-09-29T06:38:18Z,Scrape.do,Zillow,https://www.zillow.com/austin-tx-78752/,first try,default,200,200,yes,5.03,1,0.0001160,
2026-09-29T06:38:16Z,ScrapingBee,Zillow,https://www.zillow.com/austin-tx-78751/,first try,"{""render_js"": ""false""}",200,200,yes,7.21,1,0.0001960,
2026-09-29T06:38:16Z,ScrapingBee,Zillow,https://www.zillow.com/austin-tx-78750/,first try,"{""render_js"": ""false""}",200,200,yes,8.58,1,0.0001960,
2026-09-29T06:38:08Z,Zyte API,Zillow,https://www.zillow.com/austin-tx-78748/,first try,default,200,200,yes,16.45,,0.0004400,
2026-09-29T06:38:22Z,Scrape.do,Zillow,https://www.zillow.com/austin-tx-78758/,first try,default,200,200,yes,3.19,1,0.0001160,
2026-09-29T06:38:16Z,ScrapingBee,Zillow,https://www.zillow.com/austin-tx-78746/,first try,"{""render_js"": ""false""}",200,200,yes,9.01,1,0.0001960,
2026-09-29T06:38:12Z,Zyte API,Zillow,https://www.zillow.com/austin-tx-78758/,first try,default,200,200,yes,15.51,,0.0004400,
2026-09-29T06:38:22Z,ScrapingBee,Zillow,https://www.zillow.com/austin-tx-78753/,first try,"{""render_js"": ""false""}",200,200,yes,6.86,1,0.0001960,
2026-09-29T06:38:25Z,ScrapingBee,Zillow,https://www.zillow.com/austin-tx-78758/,first try,"{""render_js"": ""false""}",200,200,yes,6.06,1,0.0001960,
2026-09-29T06:38:22Z,ScrapingBee,Zillow,https://www.zillow.com/austin-tx-78752/,first try,"{""render_js"": ""false""}",200,200,yes,9.65,1,0.0001960,
2026-09-29T06:38:23Z,ScrapingBee,Zillow,https://www.zillow.com/austin-tx-78757/,first try,"{""render_js"": ""false""}",200,200,yes,8.84,1,0.0001960,
2026-09-29T06:38:15Z,Scrape.do,Zillow,https://www.zillow.com/austin-tx-78748/,first try,default,200,200,yes,19.13,1,0.0001160,
2026-09-29T06:38:21Z,Scrape.do,Zillow,https://www.zillow.com/austin-tx-78757/,first try,default,200,200,yes,15.6,1,0.0001160,
2026-09-29T06:38:15Z,Scrape.do,Zillow,https://www.zillow.com/austin-tx-78750/,first try,default,502,502,no,58.26,0,0.0000000,
2026-09-29T06:39:13Z,Scrape.do,Zillow,https://www.zillow.com/austin-tx-78750/,retry,"{""render"": ""true""}",200,200,yes,42.39,5,0.0005800,
2026-09-29T06:39:59Z,ZenRows,Realtor.com,https://www.realtor.com/realestateandhomes-search/78741,setting search,default,no reply,,no,1.21,0,0.0000000,
2026-09-29T06:39:57Z,ScraperAPI,Realtor.com,https://www.realtor.com/realestateandhomes-search/78741,setting search,default,200,200,no,4.09,1,0.0004900,
2026-09-29T06:40:00Z,ZenRows,Realtor.com,https://www.realtor.com/realestateandhomes-search/78741,setting search,"{""js_render"": ""true""}",no reply,,no,1.17,0,0.0000000,
2026-09-29T06:40:01Z,ZenRows,Realtor.com,https://www.realtor.com/realestateandhomes-search/78741,setting search,"{""premium_proxy"": ""true""}",no reply,,no,1.32,0,0.0000000,
2026-09-29T06:40:02Z,ZenRows,Realtor.com,https://www.realtor.com/realestateandhomes-search/78741,setting search,"{""premium_proxy"": ""true"", ""js_render"": ""true""}",no reply,,no,1.5,0,0.0000000,
2026-09-29T06:40:04Z,ZenRows,Realtor.com,https://www.realtor.com/realestateandhomes-search/78746,setting search,"{""premium_proxy"": ""true"", ""js_render"": ""true""}",no reply,,no,1.48,0,0.0000000,
2026-09-29T06:39:55Z,Zyte API,Realtor.com,https://www.realtor.com/realestateandhomes-search/78741,setting search,default,520,,no,11.42,,0.0000000,
2026-09-29T06:39:58Z,Scrape.do,Realtor.com,https://www.realtor.com/realestateandhomes-search/78741,setting search,default,200,200,no,12.72,1,0.0001160,
2026-09-29T06:39:55Z,Crawio,Realtor.com,https://www.realtor.com/realestateandhomes-search/78741,first try,default,200,200,yes,16.37,6,0.0005800,
2026-09-29T06:39:55Z,Crawio,Realtor.com,https://www.realtor.com/realestateandhomes-search/78746,first try,default,200,200,yes,17.92,6,0.0005800,
2026-09-29T06:39:55Z,Crawio,Realtor.com,https://www.realtor.com/realestateandhomes-search/78750,first try,default,200,200,yes,18.05,6,0.0005800,
2026-09-29T06:39:59Z,ScrapingBee,Realtor.com,https://www.realtor.com/realestateandhomes-search/78741,setting search,"{""render_js"": ""false""}",200,200,no,15.07,1,0.0001960,
2026-09-29T06:40:12Z,Crawio,Realtor.com,https://www.realtor.com/realestateandhomes-search/78751,first try,default,200,200,yes,3.02,6,0.0005800,
2026-09-29T06:39:55Z,Crawio,Realtor.com,https://www.realtor.com/realestateandhomes-search/78748,first try,default,200,200,yes,20.76,6,0.0005800,
2026-09-29T06:40:15Z,Crawio,Realtor.com,https://www.realtor.com/realestateandhomes-search/78757,first try,default,200,200,yes,2.99,6,0.0005800,
2026-09-29T06:40:14Z,ScrapingBee,Realtor.com,https://www.realtor.com/realestateandhomes-search/78741,setting search,"{""render_js"": ""true""}",200,200,no,5.2,5,0.0009800,
2026-09-29T06:39:55Z,Crawio,Realtor.com,https://www.realtor.com/realestateandhomes-search/78749,first try,default,200,200,yes,30.56,6,0.0005800,
2026-09-29T06:40:13Z,Crawio,Realtor.com,https://www.realtor.com/realestateandhomes-search/78752,first try,default,200,200,yes,15.12,6,0.0005800,
2026-09-29T06:40:13Z,Crawio,Realtor.com,https://www.realtor.com/realestateandhomes-search/78753,first try,default,200,200,yes,16.2,6,0.0005800,
2026-09-29T06:40:16Z,Crawio,Realtor.com,https://www.realtor.com/realestateandhomes-search/78758,first try,default,200,200,yes,24.81,6,0.0005800,
2026-09-29T06:40:07Z,Zyte API,Realtor.com,https://www.realtor.com/realestateandhomes-search/78741,setting search,"{""browserHtml"": true}",520,,no,35.21,,0.0000000,
2026-09-29T06:40:19Z,ScrapingBee,Realtor.com,https://www.realtor.com/realestateandhomes-search/78741,setting search,"{""render_js"": ""false"", ""premium_proxy"": ""true""}",200,200,yes,31.15,10,0.0019600,
2026-09-29T06:40:01Z,ScraperAPI,Realtor.com,https://www.realtor.com/realestateandhomes-search/78741,setting search,"{""render"": ""true""}",200,200,no,51.18,10,0.0049000,
2026-09-29T06:40:52Z,ScraperAPI,Realtor.com,https://www.realtor.com/realestateandhomes-search/78741,setting search,"{""premium"": ""true""}",200,200,no,2.58,10,0.0049000,
2026-09-29T06:40:11Z,Scrape.do,Realtor.com,https://www.realtor.com/realestateandhomes-search/78741,setting search,"{""render"": ""true""}",502,502,no,57.9,0,0.0000000,
2026-09-29T06:41:09Z,Scrape.do,Realtor.com,https://www.realtor.com/realestateandhomes-search/78741,setting search,"{""super"": ""true""}",200,200,yes,3.84,10,0.0011600,
2026-09-29T06:40:42Z,Zyte API,Realtor.com,https://www.realtor.com/realestateandhomes-search/78746,setting search,"{""browserHtml"": true}",520,,no,31.71,,0.0000000,
2026-09-29T06:41:13Z,Scrape.do,Realtor.com,https://www.realtor.com/realestateandhomes-search/78748,first try,"{""super"": ""true""}",200,200,yes,2.91,10,0.0011600,
2026-09-29T06:41:13Z,Scrape.do,Realtor.com,https://www.realtor.com/realestateandhomes-search/78746,first try,"{""super"": ""true""}",200,200,yes,3.16,10,0.0011600,
2026-09-29T06:41:13Z,Scrape.do,Realtor.com,https://www.realtor.com/realestateandhomes-search/78750,first try,"{""super"": ""true""}",200,200,yes,3.72,10,0.0011600,
2026-09-29T06:41:13Z,Scrape.do,Realtor.com,https://www.realtor.com/realestateandhomes-search/78749,first try,"{""super"": ""true""}",200,200,yes,3.76,10,0.0011600,
2026-09-29T06:41:13Z,Scrape.do,Realtor.com,https://www.realtor.com/realestateandhomes-search/78751,first try,"{""super"": ""true""}",200,200,yes,4.6,10,0.0011600,
2026-09-29T06:40:50Z,ScrapingBee,Realtor.com,https://www.realtor.com/realestateandhomes-search/78751,first try,"{""render_js"": ""false"", ""premium_proxy"": ""true""}",200,200,yes,27.82,10,0.0019600,
2026-09-29T06:41:16Z,Scrape.do,Realtor.com,https://www.realtor.com/realestateandhomes-search/78752,first try,"{""super"": ""true""}",200,200,yes,2.74,10,0.0011600,
2026-09-29T06:41:17Z,Scrape.do,Realtor.com,https://www.realtor.com/realestateandhomes-search/78757,first try,"{""super"": ""true""}",200,200,yes,2.95,10,0.0011600,
2026-09-29T06:41:17Z,Scrape.do,Realtor.com,https://www.realtor.com/realestateandhomes-search/78758,first try,"{""super"": ""true""}",200,200,yes,3.05,10,0.0011600,
2026-09-29T06:41:16Z,Scrape.do,Realtor.com,https://www.realtor.com/realestateandhomes-search/78753,first try,"{""super"": ""true""}",200,200,yes,3.65,10,0.0011600,
2026-09-29T06:40:50Z,ScrapingBee,Realtor.com,https://www.realtor.com/realestateandhomes-search/78748,first try,"{""render_js"": ""false"", ""premium_proxy"": ""true""}",200,200,yes,39.02,10,0.0019600,
2026-09-29T06:40:50Z,ScrapingBee,Realtor.com,https://www.realtor.com/realestateandhomes-search/78746,first try,"{""render_js"": ""false"", ""premium_proxy"": ""true""}",200,200,yes,39.54,10,0.0019600,
2026-09-29T06:40:50Z,ScrapingBee,Realtor.com,https://www.realtor.com/realestateandhomes-search/78750,first try,"{""render_js"": ""false"", ""premium_proxy"": ""true""}",200,200,yes,53.49,10,0.0019600,
2026-09-29T06:40:55Z,ScraperAPI,Realtor.com,https://www.realtor.com/realestateandhomes-search/78741,setting search,"{""premium"": ""true"", ""render"": ""true""}",500,500,no,56.13,0,0.0000000,
2026-09-29T06:41:51Z,ScraperAPI,Realtor.com,https://www.realtor.com/realestateandhomes-search/78741,setting search,"{""ultra_premium"": ""true""}",403,403,no,1.04,0,0.0000000,
2026-09-29T06:41:53Z,ScraperAPI,Realtor.com,https://www.realtor.com/realestateandhomes-search/78746,setting search,"{""ultra_premium"": ""true""}",403,403,no,1.03,0,0.0000000,
2026-09-29T06:41:18Z,ScrapingBee,Realtor.com,https://www.realtor.com/realestateandhomes-search/78752,first try,"{""render_js"": ""false"", ""premium_proxy"": ""true""}",200,200,yes,44.4,10,0.0019600,
2026-09-29T06:41:30Z,ScrapingBee,Realtor.com,https://www.realtor.com/realestateandhomes-search/78757,first try,"{""render_js"": ""false"", ""premium_proxy"": ""true""}",200,200,yes,53.31,10,0.0019600,
2026-09-29T06:41:29Z,ScrapingBee,Realtor.com,https://www.realtor.com/realestateandhomes-search/78753,first try,"{""render_js"": ""false"", ""premium_proxy"": ""true""}",200,200,yes,76.97,10,0.0019600,
2026-09-29T06:41:44Z,ScrapingBee,Realtor.com,https://www.realtor.com/realestateandhomes-search/78758,first try,"{""render_js"": ""false"", ""premium_proxy"": ""true""}",200,200,yes,66.61,10,0.0019600,
2026-09-29T06:40:50Z,ScrapingBee,Realtor.com,https://www.realtor.com/realestateandhomes-search/78749,first try,"{""render_js"": ""false"", ""premium_proxy"": ""true""}",no reply,,no,120.86,10,0.0019600,billed by ScrapingBee after our 120 s client timeout (its dashboard)
2026-09-29T06:42:51Z,ScrapingBee,Realtor.com,https://www.realtor.com/realestateandhomes-search/78749,retry,"{""premium_proxy"": ""true""}",200,200,yes,38.36,25,0.0049000,
2026-09-29T06:43:29Z,Crawio,Idealista,https://www.idealista.com/venta-viviendas/vigo-pontevedra/,first try,default,200,200,yes,3.17,6,0.0005800,
2026-09-29T06:43:29Z,Crawio,Idealista,https://www.idealista.com/venta-viviendas/santander-cantabria/,first try,default,200,200,yes,3.57,6,0.0005800,
2026-09-29T06:43:29Z,Crawio,Idealista,https://www.idealista.com/venta-viviendas/valladolid-valladolid/,first try,default,200,200,yes,3.79,6,0.0005800,
2026-09-29T06:43:29Z,Crawio,Idealista,https://www.idealista.com/venta-viviendas/cordoba-cordoba/,first try,default,200,200,yes,4.25,6,0.0005800,
2026-09-29T06:43:32Z,ZenRows,Idealista,https://www.idealista.com/venta-viviendas/cordoba-cordoba/,setting search,default,400,400,no,1.41,0,0.0000000,
2026-09-29T06:43:34Z,ZenRows,Idealista,https://www.idealista.com/venta-viviendas/cordoba-cordoba/,setting search,"{""js_render"": ""true""}",400,400,no,1.16,0,0.0000000,
2026-09-29T06:43:33Z,Scrape.do,Idealista,https://www.idealista.com/venta-viviendas/cordoba-cordoba/,setting search,default,200,200,yes,3.81,10,0.0011600,
2026-09-29T06:43:32Z,ScrapingBee,Idealista,https://www.idealista.com/venta-viviendas/cordoba-cordoba/,setting search,"{""render_js"": ""false""}",500,500,no,4.6,0,0.0000000,
2026-09-29T06:43:36Z,Scrape.do,Idealista,https://www.idealista.com/venta-viviendas/salamanca-salamanca/,first try,default,200,200,yes,2.52,10,0.0011600,
2026-09-29T06:43:36Z,Scrape.do,Idealista,https://www.idealista.com/venta-viviendas/valladolid-valladolid/,first try,default,200,200,yes,3.78,10,0.0011600,
2026-09-29T06:43:36Z,Scrape.do,Idealista,https://www.idealista.com/venta-viviendas/vigo-pontevedra/,first try,default,200,200,yes,4.02,10,0.0011600,
2026-09-29T06:43:36Z,Scrape.do,Idealista,https://www.idealista.com/venta-viviendas/gijon-asturias/,first try,default,200,200,yes,5.46,10,0.0011600,
2026-09-29T06:43:36Z,Scrape.do,Idealista,https://www.idealista.com/venta-viviendas/santander-cantabria/,first try,default,200,200,yes,7.18,10,0.0011600,
2026-09-29T06:43:40Z,Scrape.do,Idealista,https://www.idealista.com/venta-viviendas/cadiz-cadiz/,first try,default,200,200,yes,4.1,10,0.0011600,
2026-09-29T06:43:37Z,ScrapingBee,Idealista,https://www.idealista.com/venta-viviendas/cordoba-cordoba/,setting search,"{""render_js"": ""true""}",500,500,no,7.92,0,0.0000000,
2026-09-29T06:43:40Z,Scrape.do,Idealista,https://www.idealista.com/venta-viviendas/toledo-toledo/,first try,default,200,200,yes,5.7,10,0.0011600,
2026-09-29T06:43:42Z,Scrape.do,Idealista,https://www.idealista.com/venta-viviendas/leon-leon/,first try,default,200,200,yes,4.47,10,0.0011600,
2026-09-29T06:43:39Z,Scrape.do,Idealista,https://www.idealista.com/venta-viviendas/burgos-burgos/,first try,default,200,200,yes,8.68,10,0.0011600,
2026-09-29T06:43:35Z,ZenRows,Idealista,https://www.idealista.com/venta-viviendas/cordoba-cordoba/,setting search,"{""premium_proxy"": ""true""}",422,422,no,16.24,0,0.0000000,
2026-09-29T06:43:33Z,Crawio,Idealista,https://www.idealista.com/venta-viviendas/toledo-toledo/,first try,default,200,200,yes,19.83,6,0.0005800,
2026-09-29T06:43:53Z,Crawio,Idealista,https://www.idealista.com/venta-viviendas/leon-leon/,first try,default,200,200,yes,2.76,6,0.0005800,
2026-09-29T06:43:33Z,Crawio,Idealista,https://www.idealista.com/venta-viviendas/burgos-burgos/,first try,default,200,200,yes,23.51,6,0.0005800,
2026-09-29T06:43:32Z,Crawio,Idealista,https://www.idealista.com/venta-viviendas/salamanca-salamanca/,first try,default,200,200,yes,27.29,6,0.0005800,
2026-09-29T06:43:45Z,ScrapingBee,Idealista,https://www.idealista.com/venta-viviendas/cordoba-cordoba/,setting search,"{""render_js"": ""false"", ""premium_proxy"": ""true""}",200,200,yes,22.75,10,0.0019600,
2026-09-29T06:43:34Z,Crawio,Idealista,https://www.idealista.com/venta-viviendas/cadiz-cadiz/,first try,default,200,200,yes,38.11,6,0.0005800,
2026-09-29T06:43:29Z,Crawio,Idealista,https://www.idealista.com/venta-viviendas/gijon-asturias/,first try,default,200,504,no,46.94,0,0.0000000,
2026-09-29T06:44:16Z,Crawio,Idealista,https://www.idealista.com/venta-viviendas/gijon-asturias/,retry,default,200,200,yes,3.64,6,0.0005800,
2026-09-29T06:43:31Z,ScraperAPI,Idealista,https://www.idealista.com/venta-viviendas/cordoba-cordoba/,setting search,default,500,500,no,57.1,0,0.0000000,
2026-09-29T06:44:08Z,ScrapingBee,Idealista,https://www.idealista.com/venta-viviendas/gijon-asturias/,first try,"{""render_js"": ""false"", ""premium_proxy"": ""true""}",500,500,no,20.91,0,0.0000000,
2026-09-29T06:44:08Z,ScrapingBee,Idealista,https://www.idealista.com/venta-viviendas/santander-cantabria/,first try,"{""render_js"": ""false"", ""premium_proxy"": ""true""}",500,500,no,23.96,0,0.0000000,
2026-09-29T06:44:08Z,ScrapingBee,Idealista,https://www.idealista.com/venta-viviendas/salamanca-salamanca/,first try,"{""render_js"": ""false"", ""premium_proxy"": ""true""}",500,500,no,24.36,0,0.0000000,
2026-09-29T06:44:08Z,ScrapingBee,Idealista,https://www.idealista.com/venta-viviendas/vigo-pontevedra/,first try,"{""render_js"": ""false"", ""premium_proxy"": ""true""}",500,500,no,25.2,0,0.0000000,
2026-09-29T06:44:08Z,ScrapingBee,Idealista,https://www.idealista.com/venta-viviendas/valladolid-valladolid/,first try,"{""render_js"": ""false"", ""premium_proxy"": ""true""}",500,500,no,26.62,0,0.0000000,
2026-09-29T06:44:32Z,ScrapingBee,Idealista,https://www.idealista.com/venta-viviendas/salamanca-salamanca/,retry,"{""premium_proxy"": ""true""}",200,200,no,11.58,25,0.0049000,
2026-09-29T06:44:33Z,ScrapingBee,Idealista,https://www.idealista.com/venta-viviendas/vigo-pontevedra/,retry,"{""premium_proxy"": ""true""}",200,200,no,10.74,25,0.0049000,
2026-09-29T06:44:44Z,ScrapingBee,Idealista,https://www.idealista.com/venta-viviendas/toledo-toledo/,first try,"{""render_js"": ""false"", ""premium_proxy"": ""true""}",200,200,yes,11.89,10,0.0019600,
2026-09-29T06:43:51Z,ZenRows,Idealista,https://www.idealista.com/venta-viviendas/cordoba-cordoba/,setting search,"{""premium_proxy"": ""true"", ""js_render"": ""true""}",200,200,no,64.65,25,0.0057000,
2026-09-29T06:44:56Z,ZenRows,Idealista,https://www.idealista.com/venta-viviendas/valladolid-valladolid/,setting search,"{""premium_proxy"": ""true"", ""js_render"": ""true""}",200,200,no,9.95,25,0.0057000,
2026-09-29T06:44:34Z,ScrapingBee,Idealista,https://www.idealista.com/venta-viviendas/valladolid-valladolid/,retry,"{""premium_proxy"": ""true""}",500,500,yes,33.83,0,0.0000000,
2026-09-29T06:44:32Z,ScrapingBee,Idealista,https://www.idealista.com/venta-viviendas/santander-cantabria/,retry,"{""premium_proxy"": ""true""}",500,500,yes,38.25,0,0.0000000,
2026-09-29T06:43:29Z,Zyte API,Idealista,https://www.idealista.com/venta-viviendas/cordoba-cordoba/,setting search,default,520,,no,104.84,,0.0000000,
2026-09-29T06:45:08Z,ScrapingBee,Idealista,https://www.idealista.com/venta-viviendas/leon-leon/,first try,"{""premium_proxy"": ""true""}",200,200,no,7.71,25,0.0049000,
2026-09-29T06:44:56Z,ScrapingBee,Idealista,https://www.idealista.com/venta-viviendas/cadiz-cadiz/,first try,"{""render_js"": ""false"", ""premium_proxy"": ""true""}",200,200,yes,24.13,10,0.0019600,
2026-09-29T06:44:44Z,ScrapingBee,Idealista,https://www.idealista.com/venta-viviendas/burgos-burgos/,first try,"{""render_js"": ""false"", ""premium_proxy"": ""true""}",500,500,no,36.93,0,0.0000000,
2026-09-29T06:44:28Z,ScraperAPI,Idealista,https://www.idealista.com/venta-viviendas/cordoba-cordoba/,setting search,"{""render"": ""true""}",500,500,no,57.38,0,0.0000000,
2026-09-29T06:44:29Z,ScrapingBee,Idealista,https://www.idealista.com/venta-viviendas/gijon-asturias/,retry,"{""premium_proxy"": ""true""}",200,200,yes,60.7,25,0.0049000,
2026-09-29T06:45:25Z,ScraperAPI,Idealista,https://www.idealista.com/venta-viviendas/cordoba-cordoba/,setting search,"{""premium"": ""true""}",500,500,no,48.86,0,0.0000000,
2026-09-29T06:45:21Z,ScrapingBee,Idealista,https://www.idealista.com/venta-viviendas/burgos-burgos/,retry,"{""premium_proxy"": ""true""}",200,200,no,58.57,25,0.0049000,
2026-09-29T06:45:14Z,Zyte API,Idealista,https://www.idealista.com/venta-viviendas/cordoba-cordoba/,setting search,"{""browserHtml"": true}",520,,no,102.69,,0.0000000,
2026-09-29T06:46:14Z,ScraperAPI,Idealista,https://www.idealista.com/venta-viviendas/cordoba-cordoba/,setting search,"{""premium"": ""true"", ""render"": ""true""}",500,500,no,57.02,0,0.0000000,
2026-09-29T06:47:11Z,ScraperAPI,Idealista,https://www.idealista.com/venta-viviendas/cordoba-cordoba/,setting search,"{""ultra_premium"": ""true""}",403,403,no,1.24,0,0.0000000,
2026-09-29T06:47:14Z,ScraperAPI,Idealista,https://www.idealista.com/venta-viviendas/valladolid-valladolid/,setting search,"{""ultra_premium"": ""true""}",403,403,no,1.83,0,0.0000000,
2026-09-29T06:45:16Z,ScrapingBee,Idealista,https://www.idealista.com/venta-viviendas/leon-leon/,retry,"{""stealth_proxy"": ""true""}",no reply,,no,120.7,0,0.0000000,
2026-09-29T06:46:57Z,Zyte API,Idealista,https://www.idealista.com/venta-viviendas/valladolid-valladolid/,setting search,"{""browserHtml"": true}",520,,no,102.2,,0.0000000,
2026-09-29T06:48:42Z,ZenRows,Indeed,https://www.indeed.com/jobs?q=data+scientist&l=Austin%2C+TX,setting search,default,400,400,no,1.4,0,0.0000000,
2026-09-29T06:48:44Z,ZenRows,Indeed,https://www.indeed.com/jobs?q=data+scientist&l=Austin%2C+TX,setting search,"{""js_render"": ""true""}",400,400,no,1.19,0,0.0000000,
2026-09-29T06:48:42Z,ScrapingBee,Indeed,https://www.indeed.com/jobs?q=data+scientist&l=Austin%2C+TX,setting search,"{""render_js"": ""false""}",200,200,yes,3.27,1,0.0001960,
2026-09-29T06:48:45Z,ZenRows,Indeed,https://www.indeed.com/jobs?q=data+scientist&l=Austin%2C+TX,setting search,"{""premium_proxy"": ""true""}",400,400,no,1.15,0,0.0000000,
2026-09-29T06:48:42Z,Scrape.do,Indeed,https://www.indeed.com/jobs?q=data+scientist&l=Austin%2C+TX,setting search,default,200,200,yes,5.19,10,0.0011600,
2026-09-29T06:48:40Z,ScraperAPI,Indeed,https://www.indeed.com/jobs?q=data+scientist&l=Austin%2C+TX,setting search,default,200,200,yes,7.8,10,0.0049000,
2026-09-29T06:48:46Z,ScrapingBee,Indeed,https://www.indeed.com/jobs?q=social+worker&l=Austin%2C+TX,first try,"{""render_js"": ""false""}",500,500,no,3.7,0,0.0000000,
2026-09-29T06:48:46Z,ScrapingBee,Indeed,https://www.indeed.com/jobs?q=product+manager&l=Austin%2C+TX,first try,"{""render_js"": ""false""}",500,500,no,3.93,0,0.0000000,
2026-09-29T06:48:46Z,ScrapingBee,Indeed,https://www.indeed.com/jobs?q=copywriter&l=Austin%2C+TX,first try,"{""render_js"": ""false""}",200,200,yes,3.9,1,0.0001960,
2026-09-29T06:48:46Z,ScrapingBee,Indeed,https://www.indeed.com/jobs?q=hvac&l=Austin%2C+TX,first try,"{""render_js"": ""false""}",500,500,no,4.31,0,0.0000000,
2026-09-29T06:48:46Z,ScrapingBee,Indeed,https://www.indeed.com/jobs?q=forklift&l=Austin%2C+TX,first try,"{""render_js"": ""false""}",500,500,no,5.63,0,0.0000000,
2026-09-29T06:48:48Z,Scrape.do,Indeed,https://www.indeed.com/jobs?q=copywriter&l=Austin%2C+TX,first try,default,200,200,yes,3.79,10,0.0011600,
2026-09-29T06:48:48Z,Scrape.do,Indeed,https://www.indeed.com/jobs?q=product+manager&l=Austin%2C+TX,first try,default,200,200,yes,4.0,10,0.0011600,
2026-09-29T06:48:48Z,Scrape.do,Indeed,https://www.indeed.com/jobs?q=social+worker&l=Austin%2C+TX,first try,default,200,200,yes,4.75,10,0.0011600,
2026-09-29T06:48:48Z,Scrape.do,Indeed,https://www.indeed.com/jobs?q=forklift&l=Austin%2C+TX,first try,default,200,200,yes,5.31,10,0.0011600,
2026-09-29T06:48:48Z,ScraperAPI,Indeed,https://www.indeed.com/jobs?q=social+worker&l=Austin%2C+TX,first try,default,200,200,yes,4.92,10,0.0049000,
2026-09-29T06:48:48Z,ScraperAPI,Indeed,https://www.indeed.com/jobs?q=product+manager&l=Austin%2C+TX,first try,default,200,200,yes,5.11,10,0.0049000,
2026-09-29T06:48:48Z,ScraperAPI,Indeed,https://www.indeed.com/jobs?q=copywriter&l=Austin%2C+TX,first try,default,200,200,yes,5.56,10,0.0049000,
2026-09-29T06:48:50Z,ScrapingBee,Indeed,https://www.indeed.com/jobs?q=phlebotomist&l=Austin%2C+TX,first try,"{""render_js"": ""false""}",500,500,no,5.39,0,0.0000000,
2026-09-29T06:48:39Z,Zyte API,Indeed,https://www.indeed.com/jobs?q=data+scientist&l=Austin%2C+TX,setting search,default,200,200,yes,16.01,,0.0007000,
2026-09-29T06:48:39Z,Crawio,Indeed,https://www.indeed.com/jobs?q=social+worker&l=Austin%2C+TX,first try,default,200,200,yes,16.36,6,0.0005800,
2026-09-29T06:48:50Z,ScrapingBee,Indeed,https://www.indeed.com/jobs?q=hvac&l=Austin%2C+TX,retry,"{""render_js"": ""true""}",500,500,no,5.46,0,0.0000000,
2026-09-29T06:48:51Z,Scrape.do,Indeed,https://www.indeed.com/jobs?q=phlebotomist&l=Austin%2C+TX,first try,default,200,200,yes,4.17,10,0.0011600,
2026-09-29T06:48:49Z,ScrapingBee,Indeed,https://www.indeed.com/jobs?q=social+worker&l=Austin%2C+TX,retry,"{""render_js"": ""true""}",500,500,no,6.29,0,0.0000000,
2026-09-29T06:48:39Z,Crawio,Indeed,https://www.indeed.com/jobs?q=hvac&l=Austin%2C+TX,first try,default,200,200,yes,16.96,6,0.0005800,
2026-09-29T06:48:50Z,ScrapingBee,Indeed,https://www.indeed.com/jobs?q=product+manager&l=Austin%2C+TX,retry,"{""render_js"": ""true""}",500,500,no,6.51,0,0.0000000,
2026-09-29T06:48:52Z,Scrape.do,Indeed,https://www.indeed.com/jobs?q=dispatcher&l=Austin%2C+TX,first try,default,200,200,yes,4.47,10,0.0011600,
2026-09-29T06:48:53Z,Scrape.do,Indeed,https://www.indeed.com/jobs?q=web+developer&l=Austin%2C+TX,first try,default,200,200,yes,3.58,10,0.0011600,
2026-09-29T06:48:52Z,Scrape.do,Indeed,https://www.indeed.com/jobs?q=recruiter&l=Austin%2C+TX,first try,default,200,200,yes,4.18,10,0.0011600,
2026-09-29T06:48:48Z,ScraperAPI,Indeed,https://www.indeed.com/jobs?q=hvac&l=Austin%2C+TX,first try,default,200,200,yes,9.08,10,0.0049000,
2026-09-29T06:48:51Z,ScrapingBee,Indeed,https://www.indeed.com/jobs?q=forklift&l=Austin%2C+TX,retry,"{""render_js"": ""true""}",500,500,no,6.2,0,0.0000000,
2026-09-29T06:48:48Z,ScraperAPI,Indeed,https://www.indeed.com/jobs?q=forklift&l=Austin%2C+TX,first try,default,200,200,yes,9.47,10,0.0049000,
2026-09-29T06:48:56Z,ScrapingBee,Indeed,https://www.indeed.com/jobs?q=recruiter&l=Austin%2C+TX,first try,"{""render_js"": ""false""}",500,500,no,2.91,0,0.0000000,
2026-09-29T06:48:53Z,ScraperAPI,Indeed,https://www.indeed.com/jobs?q=phlebotomist&l=Austin%2C+TX,first try,default,200,200,yes,5.64,10,0.0049000,
2026-09-29T06:48:54Z,ScraperAPI,Indeed,https://www.indeed.com/jobs?q=recruiter&l=Austin%2C+TX,first try,default,200,200,yes,5.24,10,0.0049000,
2026-09-29T06:48:39Z,Crawio,Indeed,https://www.indeed.com/jobs?q=product+manager&l=Austin%2C+TX,first try,default,200,200,yes,20.07,6,0.0005800,
2026-09-29T06:48:53Z,ScraperAPI,Indeed,https://www.indeed.com/jobs?q=dispatcher&l=Austin%2C+TX,first try,default,200,200,yes,6.12,10,0.0049000,
2026-09-29T06:48:56Z,ScrapingBee,Indeed,https://www.indeed.com/jobs?q=web+developer&l=Austin%2C+TX,first try,"{""render_js"": ""false""}",500,500,no,3.59,0,0.0000000,
2026-09-29T06:48:55Z,ScrapingBee,Indeed,https://www.indeed.com/jobs?q=dispatcher&l=Austin%2C+TX,first try,"{""render_js"": ""false""}",500,500,no,4.44,0,0.0000000,
2026-09-29T06:48:59Z,ScrapingBee,Indeed,https://www.indeed.com/jobs?q=recruiter&l=Austin%2C+TX,retry,"{""render_js"": ""true""}",500,500,no,3.91,0,0.0000000,
2026-09-29T06:48:56Z,Crawio,Indeed,https://www.indeed.com/jobs?q=phlebotomist&l=Austin%2C+TX,first try,default,200,200,yes,6.62,6,0.0005800,
2026-09-29T06:48:48Z,Scrape.do,Indeed,https://www.indeed.com/jobs?q=hvac&l=Austin%2C+TX,first try,default,200,200,yes,15.18,10,0.0011600,
2026-09-29T06:49:00Z,ScrapingBee,Indeed,https://www.indeed.com/jobs?q=dispatcher&l=Austin%2C+TX,retry,"{""render_js"": ""true""}",500,500,no,3.42,0,0.0000000,
2026-09-29T06:48:55Z,ScrapingBee,Indeed,https://www.indeed.com/jobs?q=phlebotomist&l=Austin%2C+TX,retry,"{""render_js"": ""true""}",500,500,no,8.68,0,0.0000000,
2026-09-29T06:48:39Z,Crawio,Indeed,https://www.indeed.com/jobs?q=data+scientist&l=Austin%2C+TX,first try,default,200,200,yes,25.05,6,0.0005800,
2026-09-29T06:48:39Z,Crawio,Indeed,https://www.indeed.com/jobs?q=forklift&l=Austin%2C+TX,first try,default,200,200,yes,26.13,6,0.0005800,
2026-09-29T06:49:00Z,ScrapingBee,Indeed,https://www.indeed.com/jobs?q=web+developer&l=Austin%2C+TX,retry,"{""render_js"": ""true""}",500,500,no,6.05,0,0.0000000,
2026-09-29T06:48:59Z,Crawio,Indeed,https://www.indeed.com/jobs?q=dispatcher&l=Austin%2C+TX,first try,default,200,200,yes,8.41,6,0.0005800,
2026-09-29T06:48:46Z,ZenRows,Indeed,https://www.indeed.com/jobs?q=data+scientist&l=Austin%2C+TX,setting search,"{""premium_proxy"": ""true"", ""js_render"": ""true""}",200,200,yes,23.27,25,0.0057000,
2026-09-29T06:48:55Z,Zyte API,Indeed,https://www.indeed.com/jobs?q=social+worker&l=Austin%2C+TX,first try,default,520,,no,14.83,,0.0000000,
2026-09-29T06:49:03Z,Crawio,Indeed,https://www.indeed.com/jobs?q=recruiter&l=Austin%2C+TX,first try,default,200,200,yes,9.09,6,0.0005800,
2026-09-29T06:48:55Z,Zyte API,Indeed,https://www.indeed.com/jobs?q=forklift&l=Austin%2C+TX,first try,default,200,200,yes,17.02,,0.0007000,
2026-09-29T06:48:55Z,Zyte API,Indeed,https://www.indeed.com/jobs?q=copywriter&l=Austin%2C+TX,first try,default,200,200,yes,18.0,,0.0007000,
2026-09-29T06:48:55Z,Zyte API,Indeed,https://www.indeed.com/jobs?q=hvac&l=Austin%2C+TX,first try,default,200,200,yes,18.2,,0.0007000,
2026-09-29T06:49:04Z,Crawio,Indeed,https://www.indeed.com/jobs?q=web+developer&l=Austin%2C+TX,first try,default,200,200,yes,9.26,6,0.0005800,
2026-09-29T06:48:57Z,ScraperAPI,Indeed,https://www.indeed.com/jobs?q=web+developer&l=Austin%2C+TX,first try,default,200,200,yes,16.13,10,0.0049000,
2026-09-29T06:48:55Z,Crawio,Indeed,https://www.indeed.com/jobs?q=copywriter&l=Austin%2C+TX,first try,default,200,200,yes,19.83,6,0.0005800,
2026-09-29T06:49:09Z,ZenRows,Indeed,https://www.indeed.com/jobs?q=hvac&l=Austin%2C+TX,first try,"{""premium_proxy"": ""true"", ""js_render"": ""true""}",200,200,yes,12.8,25,0.0057000,
2026-09-29T06:49:09Z,ZenRows,Indeed,https://www.indeed.com/jobs?q=product+manager&l=Austin%2C+TX,first try,"{""premium_proxy"": ""true"", ""js_render"": ""true""}",200,200,yes,13.0,25,0.0057000,
2026-09-29T06:49:09Z,ZenRows,Indeed,https://www.indeed.com/jobs?q=social+worker&l=Austin%2C+TX,first try,"{""premium_proxy"": ""true"", ""js_render"": ""true""}",200,200,yes,13.08,25,0.0057000,
2026-09-29T06:48:55Z,Zyte API,Indeed,https://www.indeed.com/jobs?q=product+manager&l=Austin%2C+TX,first try,default,200,200,yes,28.01,,0.0007000,
2026-09-29T06:49:09Z,ZenRows,Indeed,https://www.indeed.com/jobs?q=copywriter&l=Austin%2C+TX,first try,"{""premium_proxy"": ""true"", ""js_render"": ""true""}",200,200,yes,13.85,25,0.0057000,
2026-09-29T06:49:09Z,ZenRows,Indeed,https://www.indeed.com/jobs?q=forklift&l=Austin%2C+TX,first try,"{""premium_proxy"": ""true"", ""js_render"": ""true""}",200,200,yes,14.5,25,0.0057000,
2026-09-29T06:49:12Z,Zyte API,Indeed,https://www.indeed.com/jobs?q=phlebotomist&l=Austin%2C+TX,first try,default,200,200,yes,15.94,,0.0007000,
2026-09-29T06:49:13Z,Zyte API,Indeed,https://www.indeed.com/jobs?q=dispatcher&l=Austin%2C+TX,first try,default,200,200,yes,15.51,,0.0007000,
2026-09-29T06:49:13Z,Zyte API,Indeed,https://www.indeed.com/jobs?q=recruiter&l=Austin%2C+TX,first try,default,200,200,yes,16.03,,0.0007000,
2026-09-29T06:49:10Z,Zyte API,Indeed,https://www.indeed.com/jobs?q=social+worker&l=Austin%2C+TX,retry,"{""browserHtml"": true}",200,200,yes,20.12,,0.0040200,
2026-09-29T06:49:22Z,ZenRows,Indeed,https://www.indeed.com/jobs?q=dispatcher&l=Austin%2C+TX,first try,"{""premium_proxy"": ""true"", ""js_render"": ""true""}",200,200,yes,10.6,25,0.0057000,
2026-09-29T06:49:23Z,ZenRows,Indeed,https://www.indeed.com/jobs?q=web+developer&l=Austin%2C+TX,first try,"{""premium_proxy"": ""true"", ""js_render"": ""true""}",200,200,yes,10.66,25,0.0057000,
2026-09-29T06:49:23Z,ZenRows,Indeed,https://www.indeed.com/jobs?q=recruiter&l=Austin%2C+TX,first try,"{""premium_proxy"": ""true"", ""js_render"": ""true""}",200,200,yes,11.44,25,0.0057000,
2026-09-29T06:49:22Z,ZenRows,Indeed,https://www.indeed.com/jobs?q=phlebotomist&l=Austin%2C+TX,first try,"{""premium_proxy"": ""true"", ""js_render"": ""true""}",200,200,yes,12.65,25,0.0057000,
2026-09-29T06:49:23Z,Zyte API,Indeed,https://www.indeed.com/jobs?q=web+developer&l=Austin%2C+TX,first try,default,200,200,yes,28.52,,0.0007000,
2026-09-29T06:49:55Z,ZenRows,Glassdoor,https://www.glassdoor.com/Reviews/Adobe-Reviews-E1090.htm,setting search,default,400,400,no,1.19,0,0.0000000,
2026-09-29T06:49:53Z,ScraperAPI,Glassdoor,https://www.glassdoor.com/Reviews/Adobe-Reviews-E1090.htm,setting search,default,200,200,yes,2.64,10,0.0049000,
2026-09-29T06:49:56Z,ZenRows,Glassdoor,https://www.glassdoor.com/Reviews/Adobe-Reviews-E1090.htm,setting search,"{""js_render"": ""true""}",400,400,no,1.6,0,0.0000000,
2026-09-29T06:49:54Z,ScrapingBee,Glassdoor,https://www.glassdoor.com/Reviews/Adobe-Reviews-E1090.htm,setting search,"{""render_js"": ""false""}",500,500,no,4.06,0,0.0000000,
2026-09-29T06:49:58Z,ZenRows,Glassdoor,https://www.glassdoor.com/Reviews/Adobe-Reviews-E1090.htm,setting search,"{""premium_proxy"": ""true""}",400,400,no,1.21,0,0.0000000,
2026-09-29T06:49:56Z,ScraperAPI,Glassdoor,https://www.glassdoor.com/Reviews/Uber-Reviews-E575263.htm,first try,default,200,200,yes,2.85,10,0.0049000,
2026-09-29T06:49:56Z,ScraperAPI,Glassdoor,https://www.glassdoor.com/Reviews/NVIDIA-Reviews-E7633.htm,first try,default,200,200,yes,2.88,10,0.0049000,
2026-09-29T06:49:56Z,ScraperAPI,Glassdoor,https://www.glassdoor.com/Reviews/Tesla-Reviews-E43129.htm,first try,default,200,200,yes,2.9,10,0.0049000,
2026-09-29T06:49:56Z,ScraperAPI,Glassdoor,https://www.glassdoor.com/Reviews/Spotify-Reviews-E408251.htm,first try,default,200,200,yes,3.02,10,0.0049000,
2026-09-29T06:49:56Z,ScraperAPI,Glassdoor,https://www.glassdoor.com/Reviews/Airbnb-Reviews-E391850.htm,first try,default,200,200,yes,3.52,10,0.0049000,
2026-09-29T06:49:59Z,ZenRows,Glassdoor,https://www.glassdoor.com/Reviews/Adobe-Reviews-E1090.htm,setting search,"{""premium_proxy"": ""true"", ""js_render"": ""true""}",no reply,,no,1.25,0,0.0000000,
2026-09-29T06:50:00Z,ZenRows,Glassdoor,https://www.glassdoor.com/Reviews/NVIDIA-Reviews-E7633.htm,setting search,"{""premium_proxy"": ""true"", ""js_render"": ""true""}",no reply,,no,1.13,0,0.0000000,
2026-09-29T06:49:59Z,ScraperAPI,Glassdoor,https://www.glassdoor.com/Reviews/Deloitte-Reviews-E2763.htm,first try,default,200,200,yes,2.96,10,0.0049000,
2026-09-29T06:49:59Z,ScraperAPI,Glassdoor,https://www.glassdoor.com/Reviews/Accenture-Reviews-E4138.htm,first try,default,200,200,yes,3.23,10,0.0049000,
2026-09-29T06:49:59Z,ScraperAPI,Glassdoor,https://www.glassdoor.com/Reviews/Starbucks-Reviews-E2202.htm,first try,default,200,200,yes,3.61,10,0.0049000,
2026-09-29T06:49:59Z,ScraperAPI,Glassdoor,https://www.glassdoor.com/Reviews/Walmart-Reviews-E715.htm,first try,default,200,200,yes,3.84,10,0.0049000,
2026-09-29T06:49:52Z,Crawio,Glassdoor,https://www.glassdoor.com/Reviews/Adobe-Reviews-E1090.htm,first try,default,200,200,yes,12.68,6,0.0005800,
2026-09-29T06:49:52Z,Crawio,Glassdoor,https://www.glassdoor.com/Reviews/NVIDIA-Reviews-E7633.htm,first try,default,200,200,yes,13.04,6,0.0005800,
2026-09-29T06:49:52Z,Crawio,Glassdoor,https://www.glassdoor.com/Reviews/Tesla-Reviews-E43129.htm,first try,default,200,200,yes,14.06,6,0.0005800,
2026-09-29T06:49:52Z,Crawio,Glassdoor,https://www.glassdoor.com/Reviews/Uber-Reviews-E575263.htm,first try,default,200,200,yes,14.47,6,0.0005800,
2026-09-29T06:49:58Z,ScrapingBee,Glassdoor,https://www.glassdoor.com/Reviews/Adobe-Reviews-E1090.htm,setting search,"{""render_js"": ""true""}",500,500,no,8.14,0,0.0000000,
2026-09-29T06:50:04Z,Crawio,Glassdoor,https://www.glassdoor.com/Reviews/Spotify-Reviews-E408251.htm,first try,default,200,200,yes,2.9,6,0.0005800,
2026-09-29T06:50:05Z,Crawio,Glassdoor,https://www.glassdoor.com/Reviews/Deloitte-Reviews-E2763.htm,first try,default,200,200,yes,3.72,6,0.0005800,
2026-09-29T06:49:52Z,Crawio,Glassdoor,https://www.glassdoor.com/Reviews/Airbnb-Reviews-E391850.htm,first try,default,200,200,yes,17.82,6,0.0005800,
2026-09-29T06:50:06Z,Crawio,Glassdoor,https://www.glassdoor.com/Reviews/Accenture-Reviews-E4138.htm,first try,default,200,200,yes,10.94,6,0.0005800,
2026-09-29T06:50:07Z,Crawio,Glassdoor,https://www.glassdoor.com/Reviews/Starbucks-Reviews-E2202.htm,first try,default,200,200,yes,10.57,6,0.0005800,
2026-09-29T06:50:06Z,Crawio,Glassdoor,https://www.glassdoor.com/Reviews/Walmart-Reviews-E715.htm,first try,default,200,200,yes,16.94,6,0.0005800,
2026-09-29T06:50:07Z,ScrapingBee,Glassdoor,https://www.glassdoor.com/Reviews/Adobe-Reviews-E1090.htm,setting search,"{""render_js"": ""false"", ""premium_proxy"": ""true""}",500,500,no,17.37,0,0.0000000,
2026-09-29T06:49:52Z,Zyte API,Glassdoor,https://www.glassdoor.com/Reviews/Adobe-Reviews-E1090.htm,setting search,default,520,,no,37.29,,0.0000000,
2026-09-29T06:50:24Z,ScrapingBee,Glassdoor,https://www.glassdoor.com/Reviews/Adobe-Reviews-E1090.htm,setting search,"{""premium_proxy"": ""true""}",200,200,no,11.01,25,0.0049000,
2026-09-29T06:49:55Z,Scrape.do,Glassdoor,https://www.glassdoor.com/Reviews/Adobe-Reviews-E1090.htm,setting search,default,502,502,no,57.84,0,0.0000000,
2026-09-29T06:50:29Z,Zyte API,Glassdoor,https://www.glassdoor.com/Reviews/Adobe-Reviews-E1090.htm,setting search,"{""browserHtml"": true}",200,200,yes,54.5,,0.0020100,
2026-09-29T06:50:35Z,ScrapingBee,Glassdoor,https://www.glassdoor.com/Reviews/Adobe-Reviews-E1090.htm,setting search,"{""stealth_proxy"": ""true""}",200,200,yes,54.92,75,0.0147000,
2026-09-29T06:51:24Z,Zyte API,Glassdoor,https://www.glassdoor.com/Reviews/Spotify-Reviews-E408251.htm,first try,"{""browserHtml"": true}",200,200,yes,14.95,,0.0020100,
2026-09-29T06:51:24Z,Zyte API,Glassdoor,https://www.glassdoor.com/Reviews/Airbnb-Reviews-E391850.htm,first try,"{""browserHtml"": true}",200,200,yes,15.21,,0.0020100,
2026-09-29T06:51:24Z,Zyte API,Glassdoor,https://www.glassdoor.com/Reviews/NVIDIA-Reviews-E7633.htm,first try,"{""browserHtml"": true}",200,200,yes,16.19,,0.0020100,
2026-09-29T06:51:30Z,ScrapingBee,Glassdoor,https://www.glassdoor.com/Reviews/Uber-Reviews-E575263.htm,first try,"{""stealth_proxy"": ""true""}",200,200,yes,20.73,75,0.0147000,
2026-09-29T06:50:53Z,Scrape.do,Glassdoor,https://www.glassdoor.com/Reviews/Adobe-Reviews-E1090.htm,setting search,"{""render"": ""true""}",502,502,no,58.95,0,0.0000000,
2026-09-29T06:51:52Z,Scrape.do,Glassdoor,https://www.glassdoor.com/Reviews/Adobe-Reviews-E1090.htm,setting search,"{""super"": ""true""}",200,200,yes,2.91,10,0.0011600,
2026-09-29T06:51:40Z,Zyte API,Glassdoor,https://www.glassdoor.com/Reviews/Walmart-Reviews-E715.htm,first try,"{""browserHtml"": true}",200,200,yes,15.43,,0.0020100,
2026-09-29T06:51:55Z,Scrape.do,Glassdoor,https://www.glassdoor.com/Reviews/Tesla-Reviews-E43129.htm,first try,"{""super"": ""true""}",200,200,yes,3.17,10,0.0011600,
2026-09-29T06:51:55Z,Scrape.do,Glassdoor,https://www.glassdoor.com/Reviews/Uber-Reviews-E575263.htm,first try,"{""super"": ""true""}",200,200,yes,3.73,10,0.0011600,
2026-09-29T06:51:55Z,Scrape.do,Glassdoor,https://www.glassdoor.com/Reviews/Spotify-Reviews-E408251.htm,first try,"{""super"": ""true""}",200,200,yes,3.75,10,0.0011600,
2026-09-29T06:51:55Z,Scrape.do,Glassdoor,https://www.glassdoor.com/Reviews/Airbnb-Reviews-E391850.htm,first try,"{""super"": ""true""}",200,200,yes,4.17,10,0.0011600,
2026-09-29T06:51:39Z,Zyte API,Glassdoor,https://www.glassdoor.com/Reviews/Deloitte-Reviews-E2763.htm,first try,"{""browserHtml"": true}",200,200,yes,20.51,,0.0020100,
2026-09-29T06:51:55Z,Scrape.do,Glassdoor,https://www.glassdoor.com/Reviews/NVIDIA-Reviews-E7633.htm,first try,"{""super"": ""true""}",200,200,yes,4.41,10,0.0011600,
2026-09-29T06:51:58Z,Scrape.do,Glassdoor,https://www.glassdoor.com/Reviews/Deloitte-Reviews-E2763.htm,first try,"{""super"": ""true""}",200,200,yes,3.51,10,0.0011600,
2026-09-29T06:51:58Z,Scrape.do,Glassdoor,https://www.glassdoor.com/Reviews/Walmart-Reviews-E715.htm,first try,"{""super"": ""true""}",200,200,yes,3.23,10,0.0011600,
2026-09-29T06:51:58Z,Scrape.do,Glassdoor,https://www.glassdoor.com/Reviews/Accenture-Reviews-E4138.htm,first try,"{""super"": ""true""}",200,200,yes,3.69,10,0.0011600,
2026-09-29T06:51:59Z,Scrape.do,Glassdoor,https://www.glassdoor.com/Reviews/Starbucks-Reviews-E2202.htm,first try,"{""super"": ""true""}",200,200,yes,3.43,10,0.0011600,
2026-09-29T06:51:24Z,Zyte API,Glassdoor,https://www.glassdoor.com/Reviews/Uber-Reviews-E575263.htm,first try,"{""browserHtml"": true}",200,200,yes,46.53,,0.0020100,
2026-09-29T06:51:51Z,ScrapingBee,Glassdoor,https://www.glassdoor.com/Reviews/Deloitte-Reviews-E2763.htm,first try,"{""stealth_proxy"": ""true""}",200,200,yes,20.85,75,0.0147000,
2026-09-29T06:51:24Z,Zyte API,Glassdoor,https://www.glassdoor.com/Reviews/Tesla-Reviews-E43129.htm,first try,"{""browserHtml"": true}",200,200,yes,59.09,,0.0020100,
2026-09-29T06:51:39Z,Zyte API,Glassdoor,https://www.glassdoor.com/Reviews/Accenture-Reviews-E4138.htm,first try,"{""browserHtml"": true}",200,200,yes,46.87,,0.0020100,
2026-09-29T06:51:30Z,ScrapingBee,Glassdoor,https://www.glassdoor.com/Reviews/Tesla-Reviews-E43129.htm,first try,"{""stealth_proxy"": ""true""}",200,200,yes,66.38,75,0.0147000,
2026-09-29T06:51:30Z,ScrapingBee,Glassdoor,https://www.glassdoor.com/Reviews/Airbnb-Reviews-E391850.htm,first try,"{""stealth_proxy"": ""true""}",200,200,yes,67.99,75,0.0147000,
2026-09-29T06:51:30Z,ScrapingBee,Glassdoor,https://www.glassdoor.com/Reviews/Spotify-Reviews-E408251.htm,first try,"{""stealth_proxy"": ""true""}",200,200,yes,71.58,75,0.0147000,
2026-09-29T06:51:30Z,ScrapingBee,Glassdoor,https://www.glassdoor.com/Reviews/NVIDIA-Reviews-E7633.htm,first try,"{""stealth_proxy"": ""true""}",200,200,yes,75.0,75,0.0147000,
2026-09-29T06:51:55Z,Zyte API,Glassdoor,https://www.glassdoor.com/Reviews/Starbucks-Reviews-E2202.htm,first try,"{""browserHtml"": true}",200,200,yes,50.79,,0.0020100,
2026-09-29T06:52:12Z,ScrapingBee,Glassdoor,https://www.glassdoor.com/Reviews/Accenture-Reviews-E4138.htm,first try,"{""stealth_proxy"": ""true""}",200,200,yes,51.93,75,0.0147000,
2026-09-29T06:52:38Z,ScrapingBee,Glassdoor,https://www.glassdoor.com/Reviews/Starbucks-Reviews-E2202.htm,first try,"{""stealth_proxy"": ""true""}",200,200,yes,52.89,75,0.0147000,
2026-09-29T06:52:36Z,ScrapingBee,Glassdoor,https://www.glassdoor.com/Reviews/Walmart-Reviews-E715.htm,first try,"{""stealth_proxy"": ""true""}",200,200,yes,68.0,75,0.0147000,
2026-09-29T06:53:47Z,ScrapingBee,G2,https://www.g2.com/products/hubspot-sales-hub/reviews,setting search,"{""render_js"": ""false""}",500,500,no,2.6,0,0.0000000,
2026-09-29T06:53:49Z,ZenRows,G2,https://www.g2.com/products/hubspot-sales-hub/reviews,setting search,default,no reply,,no,1.64,0,0.0000000,
2026-09-29T06:53:50Z,ZenRows,G2,https://www.g2.com/products/hubspot-sales-hub/reviews,setting search,"{""js_render"": ""true""}",no reply,,no,1.15,0,0.0000000,
2026-09-29T06:53:51Z,ZenRows,G2,https://www.g2.com/products/hubspot-sales-hub/reviews,setting search,"{""premium_proxy"": ""true""}",no reply,,no,1.21,0,0.0000000,
2026-09-29T06:53:53Z,ZenRows,G2,https://www.g2.com/products/hubspot-sales-hub/reviews,setting search,"{""premium_proxy"": ""true"", ""js_render"": ""true""}",no reply,,no,1.33,0,0.0000000,
2026-09-29T06:53:54Z,ZenRows,G2,https://www.g2.com/products/zendesk-for-customer-service/reviews,setting search,"{""premium_proxy"": ""true"", ""js_render"": ""true""}",no reply,,no,1.29,0,0.0000000,
2026-09-29T06:53:50Z,ScrapingBee,G2,https://www.g2.com/products/hubspot-sales-hub/reviews,setting search,"{""render_js"": ""true""}",500,500,no,9.73,0,0.0000000,
2026-09-29T06:53:44Z,Crawio,G2,https://www.g2.com/products/hubspot-sales-hub/reviews,first try,default,200,200,yes,20.33,6,0.0005800,
2026-09-29T06:53:44Z,Crawio,G2,https://www.g2.com/products/zendesk-for-customer-service/reviews,first try,default,200,200,yes,22.04,6,0.0005800,
2026-09-29T06:53:48Z,Scrape.do,G2,https://www.g2.com/products/hubspot-sales-hub/reviews,setting search,default,200,200,yes,19.34,25,0.0029000,
2026-09-29T06:54:05Z,Crawio,G2,https://www.g2.com/products/shopify/reviews,first try,default,200,200,yes,2.53,6,0.0005800,
2026-09-29T06:53:44Z,Crawio,G2,https://www.g2.com/products/google-workspace/reviews,first try,default,200,200,yes,26.53,6,0.0005800,
2026-09-29T06:54:07Z,Crawio,G2,https://www.g2.com/products/zoom-workplace/reviews,first try,default,200,200,yes,5.21,6,0.0005800,
2026-09-29T06:54:07Z,Scrape.do,G2,https://www.g2.com/products/dropbox/reviews,first try,default,200,200,yes,4.87,25,0.0029000,
2026-09-29T06:54:07Z,Scrape.do,G2,https://www.g2.com/products/zendesk-for-customer-service/reviews,first try,default,200,200,yes,4.92,25,0.0029000,
2026-09-29T06:54:07Z,Scrape.do,G2,https://www.g2.com/products/shopify/reviews,first try,default,200,200,yes,4.95,25,0.0029000,
2026-09-29T06:53:44Z,Crawio,G2,https://www.g2.com/products/dropbox/reviews,first try,default,200,200,yes,27.95,6,0.0005800,
2026-09-29T06:54:07Z,Scrape.do,G2,https://www.g2.com/products/microsoft-teams/reviews,first try,default,200,200,yes,5.94,25,0.0029000,
2026-09-29T06:54:07Z,Scrape.do,G2,https://www.g2.com/products/google-workspace/reviews,first try,default,200,200,yes,6.09,25,0.0029000,
2026-09-29T06:54:12Z,Scrape.do,G2,https://www.g2.com/products/zoom-workplace/reviews,first try,default,200,200,yes,4.4,25,0.0029000,
2026-09-29T06:54:11Z,Crawio,G2,https://www.g2.com/products/clickup/reviews,first try,default,200,200,yes,5.92,6,0.0005800,
2026-09-29T06:54:12Z,Crawio,G2,https://www.g2.com/products/airtable/reviews,first try,default,200,200,yes,5.43,6,0.0005800,
2026-09-29T06:54:13Z,Scrape.do,G2,https://www.g2.com/products/airtable/reviews,first try,default,200,200,yes,3.91,25,0.0029000,
2026-09-29T06:54:12Z,Scrape.do,G2,https://www.g2.com/products/monday-com/reviews,first try,default,200,200,yes,5.4,25,0.0029000,
2026-09-29T06:53:59Z,ScrapingBee,G2,https://www.g2.com/products/hubspot-sales-hub/reviews,setting search,"{""render_js"": ""false"", ""premium_proxy"": ""true""}",500,500,no,19.76,0,0.0000000,
2026-09-29T06:54:12Z,Scrape.do,G2,https://www.g2.com/products/clickup/reviews,first try,default,200,200,yes,7.58,25,0.0029000,
2026-09-29T06:54:07Z,Crawio,G2,https://www.g2.com/products/monday-com/reviews,first try,default,200,200,yes,22.27,6,0.0005800,
2026-09-29T06:53:46Z,ScraperAPI,G2,https://www.g2.com/products/hubspot-sales-hub/reviews,setting search,default,500,500,no,46.71,0,0.0000000,
2026-09-29T06:53:44Z,Crawio,G2,https://www.g2.com/products/microsoft-teams/reviews,first try,default,200,200,yes,49.76,6,0.0005800,
2026-09-29T06:54:19Z,ScrapingBee,G2,https://www.g2.com/products/hubspot-sales-hub/reviews,setting search,"{""premium_proxy"": ""true""}",200,200,yes,35.86,25,0.0049000,
2026-09-29T06:54:55Z,ScrapingBee,G2,https://www.g2.com/products/zendesk-for-customer-service/reviews,first try,"{""premium_proxy"": ""true""}",200,200,no,5.16,25,0.0049000,
2026-09-29T06:53:44Z,Zyte API,G2,https://www.g2.com/products/hubspot-sales-hub/reviews,setting search,default,520,,no,77.36,,0.0000000,
2026-09-29T06:54:55Z,ScrapingBee,G2,https://www.g2.com/products/google-workspace/reviews,first try,"{""premium_proxy"": ""true""}",200,200,no,7.82,25,0.0049000,
2026-09-29T06:55:00Z,ScrapingBee,G2,https://www.g2.com/products/zendesk-for-customer-service/reviews,retry,"{""stealth_proxy"": ""true""}",200,200,yes,17.47,75,0.0147000,
2026-09-29T06:54:55Z,ScrapingBee,G2,https://www.g2.com/products/microsoft-teams/reviews,first try,"{""premium_proxy"": ""true""}",500,500,no,25.07,0,0.0000000,
2026-09-29T06:54:55Z,ScrapingBee,G2,https://www.g2.com/products/dropbox/reviews,first try,"{""premium_proxy"": ""true""}",500,500,no,25.14,0,0.0000000,
2026-09-29T06:54:55Z,ScrapingBee,G2,https://www.g2.com/products/shopify/reviews,first try,"{""premium_proxy"": ""true""}",500,500,no,28.72,0,0.0000000,
2026-09-29T06:54:33Z,ScraperAPI,G2,https://www.g2.com/products/hubspot-sales-hub/reviews,setting search,"{""render"": ""true""}",500,500,no,57.02,0,0.0000000,
2026-09-29T06:55:18Z,ScrapingBee,G2,https://www.g2.com/products/zoom-workplace/reviews,first try,"{""stealth_proxy"": ""true""}",200,200,yes,25.7,75,0.0147000,
2026-09-29T06:55:24Z,ScrapingBee,G2,https://www.g2.com/products/shopify/reviews,retry,"{""stealth_proxy"": ""true""}",200,200,yes,23.55,75,0.0147000,
2026-09-29T06:55:20Z,ScrapingBee,G2,https://www.g2.com/products/microsoft-teams/reviews,retry,"{""stealth_proxy"": ""true""}",200,200,yes,34.75,75,0.0147000,
2026-09-29T06:55:47Z,ScrapingBee,G2,https://www.g2.com/products/clickup/reviews,first try,"{""stealth_proxy"": ""true""}",200,200,yes,14.47,75,0.0147000,
2026-09-29T06:55:44Z,ScrapingBee,G2,https://www.g2.com/products/monday-com/reviews,first try,"{""stealth_proxy"": ""true""}",200,200,yes,24.53,75,0.0147000,
2026-09-29T06:55:30Z,ScraperAPI,G2,https://www.g2.com/products/hubspot-sales-hub/reviews,setting search,"{""premium"": ""true""}",500,500,no,52.01,0,0.0000000,
2026-09-29T06:55:02Z,Zyte API,G2,https://www.g2.com/products/hubspot-sales-hub/reviews,setting search,"{""browserHtml"": true}",520,,no,82.31,,0.0000000,
2026-09-29T06:55:03Z,ScrapingBee,G2,https://www.g2.com/products/google-workspace/reviews,retry,"{""stealth_proxy"": ""true""}",500,500,no,94.6,0,0.0000000,
2026-09-29T06:55:20Z,ScrapingBee,G2,https://www.g2.com/products/dropbox/reviews,retry,"{""stealth_proxy"": ""true""}",500,500,no,84.55,0,0.0000000,
2026-09-29T06:56:22Z,ScraperAPI,G2,https://www.g2.com/products/hubspot-sales-hub/reviews,setting search,"{""premium"": ""true"", ""render"": ""true""}",500,500,no,53.89,0,0.0000000,
2026-09-29T06:57:16Z,ScraperAPI,G2,https://www.g2.com/products/hubspot-sales-hub/reviews,setting search,"{""ultra_premium"": ""true""}",403,403,no,1.05,0,0.0000000,
2026-09-29T06:57:18Z,ScraperAPI,G2,https://www.g2.com/products/zendesk-for-customer-service/reviews,setting search,"{""ultra_premium"": ""true""}",403,403,no,1.03,0,0.0000000,
2026-09-29T06:56:24Z,Zyte API,G2,https://www.g2.com/products/zendesk-for-customer-service/reviews,setting search,"{""browserHtml"": true}",520,,no,74.64,,0.0000000,
2026-09-29T06:55:55Z,ScrapingBee,G2,https://www.g2.com/products/airtable/reviews,first try,"{""stealth_proxy"": ""true""}",500,500,no,118.51,0,0.0000000,
2026-09-29T06:57:57Z,ScrapingBee,G2,https://www.g2.com/products/airtable/reviews,retry,"{""stealth_proxy"": ""true""}",200,200,yes,12.32,75,0.0147000,
2026-09-29T06:58:09Z,Crawio,Booking.com,https://www.booking.com/city/us/phoenix.html,first try,default,200,200,yes,2.98,1,0.0000967,
2026-09-29T06:58:09Z,Crawio,Booking.com,https://www.booking.com/city/us/dallas.html,first try,default,200,200,yes,3.3,1,0.0000967,
2026-09-29T06:58:09Z,Crawio,Booking.com,https://www.booking.com/city/us/san-diego.html,first try,default,200,200,yes,3.63,1,0.0000967,
2026-09-29T06:58:11Z,ScraperAPI,Booking.com,https://www.booking.com/city/us/denver.html,setting search,default,200,200,yes,2.63,10,0.0049000,
2026-09-29T06:58:09Z,Crawio,Booking.com,https://www.booking.com/city/us/houston.html,first try,default,200,200,yes,4.27,1,0.0000967,
2026-09-29T06:58:11Z,ScrapingBee,Booking.com,https://www.booking.com/city/us/denver.html,setting search,"{""render_js"": ""false""}",200,200,yes,2.94,1,0.0001960,
2026-09-29T06:58:09Z,Crawio,Booking.com,https://www.booking.com/city/us/denver.html,first try,default,200,200,yes,6.24,1,0.0000967,
2026-09-29T06:58:12Z,Crawio,Booking.com,https://www.booking.com/city/us/atlanta.html,first try,default,200,200,yes,3.65,1,0.0000967,
2026-09-29T06:58:13Z,ScraperAPI,Booking.com,https://www.booking.com/city/us/san-diego.html,first try,default,200,200,yes,2.85,10,0.0049000,
2026-09-29T06:58:14Z,Crawio,Booking.com,https://www.booking.com/city/us/new-orleans.html,first try,default,200,200,yes,3.01,1,0.0000967,
2026-09-29T06:58:13Z,Crawio,Booking.com,https://www.booking.com/city/us/orlando.html,first try,default,200,200,yes,4.07,1,0.0000967,
2026-09-29T06:58:13Z,Crawio,Booking.com,https://www.booking.com/city/us/nashville.html,first try,default,200,200,yes,3.82,1,0.0000967,
2026-09-29T06:58:14Z,ScrapingBee,Booking.com,https://www.booking.com/city/us/dallas.html,first try,"{""render_js"": ""false""}",200,200,yes,3.06,1,0.0001960,
2026-09-29T06:58:14Z,ScrapingBee,Booking.com,https://www.booking.com/city/us/atlanta.html,first try,"{""render_js"": ""false""}",200,200,yes,3.14,1,0.0001960,
2026-09-29T06:58:13Z,ScraperAPI,Booking.com,https://www.booking.com/city/us/phoenix.html,first try,default,200,200,yes,3.94,10,0.0049000,
2026-09-29T06:58:13Z,ScraperAPI,Booking.com,https://www.booking.com/city/us/dallas.html,first try,default,200,200,yes,4.13,10,0.0049000,
2026-09-29T06:58:13Z,ScraperAPI,Booking.com,https://www.booking.com/city/us/atlanta.html,first try,default,200,200,yes,4.18,10,0.0049000,
2026-09-29T06:58:13Z,ScraperAPI,Booking.com,https://www.booking.com/city/us/houston.html,first try,default,200,200,yes,4.21,10,0.0049000,
2026-09-29T06:58:12Z,Scrape.do,Booking.com,https://www.booking.com/city/us/denver.html,setting search,default,200,200,yes,5.36,1,0.0001160,
2026-09-29T06:58:14Z,ScrapingBee,Booking.com,https://www.booking.com/city/us/houston.html,first try,"{""render_js"": ""false""}",200,200,yes,3.63,1,0.0001960,
2026-09-29T06:58:14Z,ScrapingBee,Booking.com,https://www.booking.com/city/us/san-diego.html,first try,"{""render_js"": ""false""}",200,200,yes,3.7,1,0.0001960,
2026-09-29T06:58:14Z,ScrapingBee,Booking.com,https://www.booking.com/city/us/phoenix.html,first try,"{""render_js"": ""false""}",200,200,yes,4.23,1,0.0001960,
2026-09-29T06:58:16Z,Crawio,Booking.com,https://www.booking.com/city/us/portland.html,first try,default,200,200,yes,3.0,1,0.0000967,
2026-09-29T06:58:09Z,Zyte API,Booking.com,https://www.booking.com/city/us/denver.html,setting search,default,200,200,yes,9.78,,0.0002300,
2026-09-29T06:58:16Z,ScraperAPI,Booking.com,https://www.booking.com/city/us/orlando.html,first try,default,200,200,yes,2.84,10,0.0049000,
2026-09-29T06:58:12Z,ZenRows,Booking.com,https://www.booking.com/city/us/denver.html,setting search,default,200,200,yes,7.51,1,0.0002280,
2026-09-29T06:58:18Z,Scrape.do,Booking.com,https://www.booking.com/city/us/houston.html,first try,default,200,200,yes,2.46,1,0.0001160,
2026-09-29T06:58:17Z,ScrapingBee,Booking.com,https://www.booking.com/city/us/nashville.html,first try,"{""render_js"": ""false""}",200,200,yes,2.89,1,0.0001960,
2026-09-29T06:58:17Z,ScrapingBee,Booking.com,https://www.booking.com/city/us/orlando.html,first try,"{""render_js"": ""false""}",200,200,yes,3.48,1,0.0001960,
2026-09-29T06:58:18Z,Scrape.do,Booking.com,https://www.booking.com/city/us/dallas.html,first try,default,200,200,yes,3.67,1,0.0001160,
2026-09-29T06:58:18Z,Scrape.do,Booking.com,https://www.booking.com/city/us/san-diego.html,first try,default,200,200,yes,3.7,1,0.0001160,
2026-09-29T06:58:18Z,ScraperAPI,Booking.com,https://www.booking.com/city/us/portland.html,first try,default,200,200,yes,3.84,10,0.0049000,
2026-09-29T06:58:18Z,Scrape.do,Booking.com,https://www.booking.com/city/us/phoenix.html,first try,default,200,200,yes,3.84,1,0.0001160,
2026-09-29T06:58:18Z,ScraperAPI,Booking.com,https://www.booking.com/city/us/new-orleans.html,first try,default,200,200,yes,4.03,10,0.0049000,
2026-09-29T06:58:17Z,ScraperAPI,Booking.com,https://www.booking.com/city/us/nashville.html,first try,default,200,200,yes,4.23,10,0.0049000,
2026-09-29T06:58:18Z,ScrapingBee,Booking.com,https://www.booking.com/city/us/new-orleans.html,first try,"{""render_js"": ""false""}",200,200,yes,3.84,1,0.0001960,
2026-09-29T06:58:18Z,Scrape.do,Booking.com,https://www.booking.com/city/us/atlanta.html,first try,default,200,200,yes,4.43,1,0.0001160,
2026-09-29T06:58:20Z,Scrape.do,Booking.com,https://www.booking.com/city/us/orlando.html,first try,default,200,200,yes,2.06,1,0.0001160,
2026-09-29T06:58:19Z,Zyte API,Booking.com,https://www.booking.com/city/us/dallas.html,first try,default,200,200,yes,3.28,,0.0002300,
2026-09-29T06:58:19Z,Zyte API,Booking.com,https://www.booking.com/city/us/phoenix.html,first try,default,200,200,yes,3.45,,0.0002300,
2026-09-29T06:58:19Z,Zyte API,Booking.com,https://www.booking.com/city/us/houston.html,first try,default,200,200,yes,3.5,,0.0002300,
2026-09-29T06:58:18Z,ScrapingBee,Booking.com,https://www.booking.com/city/us/portland.html,first try,"{""render_js"": ""false""}",200,200,yes,4.62,1,0.0001960,
2026-09-29T06:58:19Z,Zyte API,Booking.com,https://www.booking.com/city/us/atlanta.html,first try,default,200,200,yes,3.8,,0.0002300,
2026-09-29T06:58:22Z,Scrape.do,Booking.com,https://www.booking.com/city/us/portland.html,first try,default,200,200,yes,3.28,1,0.0001160,
2026-09-29T06:58:21Z,Scrape.do,Booking.com,https://www.booking.com/city/us/new-orleans.html,first try,default,200,200,yes,4.0,1,0.0001160,
2026-09-29T06:58:23Z,Zyte API,Booking.com,https://www.booking.com/city/us/nashville.html,first try,default,200,200,yes,2.99,,0.0002300,
2026-09-29T06:58:22Z,Zyte API,Booking.com,https://www.booking.com/city/us/orlando.html,first try,default,200,200,yes,3.19,,0.0002300,
2026-09-29T06:58:23Z,Zyte API,Booking.com,https://www.booking.com/city/us/new-orleans.html,first try,default,200,200,yes,3.16,,0.0002300,
2026-09-29T06:58:23Z,Zyte API,Booking.com,https://www.booking.com/city/us/portland.html,first try,default,200,200,yes,3.72,,0.0002300,
2026-09-29T06:58:21Z,Scrape.do,Booking.com,https://www.booking.com/city/us/nashville.html,first try,default,200,200,yes,5.68,1,0.0001160,
2026-09-29T06:58:20Z,ZenRows,Booking.com,https://www.booking.com/city/us/san-diego.html,first try,default,200,200,yes,7.71,1,0.0002280,
2026-09-29T06:58:20Z,ZenRows,Booking.com,https://www.booking.com/city/us/phoenix.html,first try,default,200,200,yes,7.73,1,0.0002280,
2026-09-29T06:58:20Z,ZenRows,Booking.com,https://www.booking.com/city/us/dallas.html,first try,default,200,200,yes,7.91,1,0.0002280,
2026-09-29T06:58:20Z,ZenRows,Booking.com,https://www.booking.com/city/us/atlanta.html,first try,default,200,200,yes,7.93,1,0.0002280,
2026-09-29T06:58:20Z,ZenRows,Booking.com,https://www.booking.com/city/us/houston.html,first try,default,200,200,yes,7.99,1,0.0002280,
2026-09-29T06:58:19Z,Zyte API,Booking.com,https://www.booking.com/city/us/san-diego.html,first try,default,200,200,yes,10.49,,0.0002300,
2026-09-29T06:58:28Z,ZenRows,Booking.com,https://www.booking.com/city/us/nashville.html,first try,default,200,200,yes,7.47,1,0.0002280,
2026-09-29T06:58:28Z,ZenRows,Booking.com,https://www.booking.com/city/us/orlando.html,first try,default,200,200,yes,7.86,1,0.0002280,
2026-09-29T06:58:28Z,ZenRows,Booking.com,https://www.booking.com/city/us/new-orleans.html,first try,default,200,200,yes,7.8,1,0.0002280,
2026-09-29T06:58:28Z,ZenRows,Booking.com,https://www.booking.com/city/us/portland.html,first try,default,200,200,yes,10.07,1,0.0002280,
